-- ============================================================
-- INSERTIONS - BASE DE DONNÉES streaming
-- 100 lignes par table
-- ============================================================

USE streaming;
SET FOREIGN_KEY_CHECKS = 0;

-- ============================================================
-- 1. Abonement (100 lignes)
-- ============================================================
INSERT INTO Abonement (Type_abonnement, Prix_Abonnement, Statut_abonnement, Nb_ecran_max, Qualite_video_abonnement, Date_debut_abonnement, Date_fin_abonnement) VALUES
('Basique',   5.99, 'Actif',    1, 'HD',      '2023-01-01', '2024-01-01'),
('Standard',  9.99, 'Actif',    2, 'Full HD', '2023-01-15', '2024-01-15'),
('Premium',  13.99, 'Actif',    4, '4K',      '2023-02-01', '2024-02-01'),
('VIP',      19.99, 'Actif',    6, '4K',      '2023-02-15', '2024-02-15'),
('Basique',   5.99, 'Suspendu', 1, 'HD',      '2023-03-01', '2024-03-01'),
('Standard',  9.99, 'Actif',    2, 'Full HD', '2023-03-15', '2024-03-15'),
('Premium',  13.99, 'Résilié',  4, '4K',      '2023-04-01', '2024-04-01'),
('VIP',      19.99, 'Actif',    6, '4K',      '2023-04-15', '2024-04-15'),
('Basique',   5.99, 'Expiré',   1, 'HD',      '2022-01-01', '2023-01-01'),
('Standard',  9.99, 'Actif',    2, 'Full HD', '2023-05-01', '2024-05-01'),
('Premium',  13.99, 'Actif',    4, '4K',      '2023-05-15', '2024-05-15'),
('VIP',      19.99, 'Suspendu', 6, '4K',      '2023-06-01', '2024-06-01'),
('Basique',   5.99, 'Actif',    1, 'HD',      '2023-06-15', '2024-06-15'),
('Standard',  9.99, 'Actif',    2, 'Full HD', '2023-07-01', '2024-07-01'),
('Premium',  13.99, 'Actif',    4, '4K',      '2023-07-15', '2024-07-15'),
('VIP',      19.99, 'Expiré',   6, '4K',      '2022-06-01', '2023-06-01'),
('Basique',   5.99, 'Actif',    1, 'HD',      '2023-08-01', '2024-08-01'),
('Standard',  9.99, 'Résilié',  2, 'Full HD', '2023-08-15', '2024-08-15'),
('Premium',  13.99, 'Actif',    4, '4K',      '2023-09-01', '2024-09-01'),
('VIP',      19.99, 'Actif',    6, '4K',      '2023-09-15', '2024-09-15'),
('Basique',   5.99, 'Actif',    1, 'HD',      '2023-10-01', '2024-10-01'),
('Standard',  9.99, 'Actif',    2, 'Full HD', '2023-10-15', '2024-10-15'),
('Premium',  13.99, 'Suspendu', 4, '4K',      '2023-11-01', '2024-11-01'),
('VIP',      19.99, 'Actif',    6, '4K',      '2023-11-15', '2024-11-15'),
('Basique',   5.99, 'Actif',    1, 'HD',      '2023-12-01', '2024-12-01'),
('Standard',  9.99, 'Actif',    2, 'Full HD', '2023-12-15', '2024-12-15'),
('Premium',  13.99, 'Actif',    4, '4K',      '2024-01-01', '2025-01-01'),
('VIP',      19.99, 'Actif',    6, '4K',      '2024-01-15', '2025-01-15'),
('Basique',   5.99, 'Résilié',  1, 'HD',      '2024-02-01', '2025-02-01'),
('Standard',  9.99, 'Actif',    2, 'Full HD', '2024-02-15', '2025-02-15'),
('Premium',  13.99, 'Actif',    4, '4K',      '2024-03-01', '2025-03-01'),
('VIP',      19.99, 'Suspendu', 6, '4K',      '2024-03-15', '2025-03-15'),
('Basique',   5.99, 'Actif',    1, 'HD',      '2024-04-01', '2025-04-01'),
('Standard',  9.99, 'Actif',    2, 'Full HD', '2024-04-15', '2025-04-15'),
('Premium',  13.99, 'Expiré',   4, '4K',      '2022-09-01', '2023-09-01'),
('VIP',      19.99, 'Actif',    6, '4K',      '2024-05-01', '2025-05-01'),
('Basique',   5.99, 'Actif',    1, 'HD',      '2024-05-15', '2025-05-15'),
('Standard',  9.99, 'Actif',    2, 'Full HD', '2024-06-01', '2025-06-01'),
('Premium',  13.99, 'Actif',    4, '4K',      '2024-06-15', '2025-06-15'),
('VIP',      19.99, 'Actif',    6, '4K',      '2024-07-01', '2025-07-01'),
('Basique',   5.99, 'Actif',    1, 'HD',      '2024-07-15', '2025-07-15'),
('Standard',  9.99, 'Résilié',  2, 'Full HD', '2024-08-01', '2025-08-01'),
('Premium',  13.99, 'Actif',    4, '4K',      '2024-08-15', '2025-08-15'),
('VIP',      19.99, 'Actif',    6, '4K',      '2024-09-01', '2025-09-01'),
('Basique',   5.99, 'Suspendu', 1, 'HD',      '2024-09-15', '2025-09-15'),
('Standard',  9.99, 'Actif',    2, 'Full HD', '2024-10-01', '2025-10-01'),
('Premium',  13.99, 'Actif',    4, '4K',      '2024-10-15', '2025-10-15'),
('VIP',      19.99, 'Expiré',   6, '4K',      '2022-10-01', '2023-10-01'),
('Basique',   5.99, 'Actif',    1, 'HD',      '2024-11-01', '2025-11-01'),
('Standard',  9.99, 'Actif',    2, 'Full HD', '2024-11-15', '2025-11-15'),
('Premium',  13.99, 'Actif',    4, '4K',      '2024-12-01', '2025-12-01'),
('VIP',      19.99, 'Actif',    6, '4K',      '2024-12-15', '2025-12-15'),
('Basique',   5.99, 'Actif',    1, 'HD',      '2025-01-01', '2026-01-01'),
('Standard',  9.99, 'Actif',    2, 'Full HD', '2025-01-15', '2026-01-15'),
('Premium',  13.99, 'Suspendu', 4, '4K',      '2025-02-01', '2026-02-01'),
('VIP',      19.99, 'Actif',    6, '4K',      '2025-02-15', '2026-02-15'),
('Basique',   5.99, 'Actif',    1, 'HD',      '2025-03-01', '2026-03-01'),
('Standard',  9.99, 'Actif',    2, 'Full HD', '2025-03-15', '2026-03-15'),
('Premium',  13.99, 'Actif',    4, '4K',      '2025-04-01', '2026-04-01'),
('VIP',      19.99, 'Expiré',   6, '4K',      '2022-04-01', '2023-04-01'),
('Basique',   5.99, 'Actif',    1, 'HD',      '2025-04-15', '2026-04-15'),
('Standard',  9.99, 'Actif',    2, 'Full HD', '2025-05-01', '2026-05-01'),
('Premium',  13.99, 'Actif',    4, '4K',      '2025-05-15', '2026-05-15'),
('VIP',      19.99, 'Actif',    6, '4K',      '2025-06-01', '2026-06-01'),
('Basique',   5.99, 'Résilié',  1, 'HD',      '2025-06-15', '2026-06-15'),
('Standard',  9.99, 'Actif',    2, 'Full HD', '2025-07-01', '2026-07-01'),
('Premium',  13.99, 'Actif',    4, '4K',      '2025-07-15', '2026-07-15'),
('VIP',      19.99, 'Actif',    6, '4K',      '2025-08-01', '2026-08-01'),
('Basique',   5.99, 'Actif',    1, 'HD',      '2025-08-15', '2026-08-15'),
('Standard',  9.99, 'Actif',    2, 'Full HD', '2025-09-01', '2026-09-01'),
('Premium',  13.99, 'Suspendu', 4, '4K',      '2025-09-15', '2026-09-15'),
('VIP',      19.99, 'Actif',    6, '4K',      '2025-10-01', '2026-10-01'),
('Basique',   5.99, 'Actif',    1, 'HD',      '2025-10-15', '2026-10-15'),
('Standard',  9.99, 'Actif',    2, 'Full HD', '2025-11-01', '2026-11-01'),
('Premium',  13.99, 'Actif',    4, '4K',      '2025-11-15', '2026-11-15'),
('VIP',      19.99, 'Expiré',   6, '4K',      '2022-11-01', '2023-11-01'),
('Basique',   5.99, 'Actif',    1, 'HD',      '2025-12-01', '2026-12-01'),
('Standard',  9.99, 'Actif',    2, 'Full HD', '2025-12-15', '2026-12-15'),
('Premium',  13.99, 'Actif',    4, '4K',      '2026-01-01', '2027-01-01'),
('VIP',      19.99, 'Actif',    6, '4K',      '2026-01-15', '2027-01-15'),
('Basique',   5.99, 'Actif',    1, 'HD',      '2026-02-01', '2027-02-01'),
('Standard',  9.99, 'Résilié',  2, 'Full HD', '2026-02-15', '2027-02-15'),
('Premium',  13.99, 'Actif',    4, '4K',      '2026-03-01', '2027-03-01'),
('VIP',      19.99, 'Actif',    6, '4K',      '2026-03-15', '2027-03-15'),
('Basique',   5.99, 'Actif',    1, 'HD',      '2026-04-01', '2027-04-01'),
('Standard',  9.99, 'Actif',    2, 'Full HD', '2026-04-15', '2027-04-15'),
('Premium',  13.99, 'Actif',    4, '4K',      '2026-05-01', '2027-05-01'),
('VIP',      19.99, 'Suspendu', 6, '4K',      '2026-05-15', '2027-05-15'),
('Basique',   5.99, 'Actif',    1, 'HD',      '2026-06-01', '2027-06-01'),
('Standard',  9.99, 'Actif',    2, 'Full HD', '2026-06-15', '2027-06-15'),
('Premium',  13.99, 'Actif',    4, '4K',      '2026-07-01', '2027-07-01'),
('VIP',      19.99, 'Actif',    6, '4K',      '2026-07-15', '2027-07-15'),
('Basique',   5.99, 'Expiré',   1, 'HD',      '2022-07-15', '2023-07-15'),
('Standard',  9.99, 'Actif',    2, 'Full HD', '2026-08-01', '2027-08-01'),
('Premium',  13.99, 'Actif',    4, '4K',      '2026-08-15', '2027-08-15'),
('VIP',      19.99, 'Actif',    6, '4K',      '2026-09-01', '2027-09-01'),
('Basique',   5.99, 'Actif',    1, 'HD',      '2026-09-15', '2027-09-15'),
('Standard',  9.99, 'Actif',    2, 'Full HD', '2026-10-01', '2027-10-01'),
('Premium',  13.99, 'Actif',    4, '4K',      '2026-11-01', '2027-11-01'),
('VIP',      19.99, 'Actif',    6, '4K',      '2026-11-15', '2027-11-15');

-- ============================================================
-- 2. Contenu (100 lignes) - Id_contenu 1 à 100
-- ============================================================
INSERT INTO Contenu (Titre_contenu, Date_sortie_contenu, Duree_contenu, Limite_age_contenu, Type_contenu, Bande_annonce, Genre_contenu, Description_contenu) VALUES
('Inception',               '2010-07-16', '02:28:00',  13, 'Film',         'https://youtube.com/watch?v=inception',       'Science-Fiction', 'Un voleur s\'infiltre dans les rêves pour planter une idée dans l\'esprit d\'une cible.'),
('Breaking Bad',            '2008-01-20', '00:47:00',  18, 'Série',        'https://youtube.com/watch?v=breakingbad',     'Drame',           'Un professeur de chimie atteint d\'un cancer devient fabricant de méthamphétamine.'),
('Interstellar',            '2014-11-05', '02:49:00',  10, 'Film',         'https://youtube.com/watch?v=interstellar',    'Science-Fiction', 'Des astronautes voyagent à travers un trou de ver pour trouver une nouvelle planète.'),
('Stranger Things',         '2016-07-15', '00:51:00',  13, 'Série',        'https://youtube.com/watch?v=strangerthings',  'Fantastique',     'Des enfants découvrent des phénomènes surnaturels dans leur petite ville américaine.'),
('The Dark Knight',         '2008-07-18', '02:32:00',  13, 'Film',         'https://youtube.com/watch?v=darkknight',      'Action',          'Batman affronte le Joker, un criminel anarchique qui sème la terreur à Gotham.'),
('Game of Thrones',         '2011-04-17', '01:00:00',  18, 'Série',        'https://youtube.com/watch?v=got',             'Fantastique',     'Des familles nobles se battent pour le contrôle du Trône de Fer.'),
('Parasite',                '2019-05-30', '02:12:00',  16, 'Film',         'https://youtube.com/watch?v=parasite',        'Thriller',        'Une famille pauvre s\'infiltre progressivement dans la vie d\'une famille riche.'),
('La Casa de Papel',        '2017-05-02', '01:10:00',  16, 'Série',        'https://youtube.com/watch?v=lacasadepapel',   'Action',          'Un génie criminel planifie le plus grand braquage de l\'histoire de l\'Espagne.'),
('Le Roi Lion',             '1994-06-24', '01:28:00',   0, 'Film',         'https://youtube.com/watch?v=roilion',         'Animation',       'Un jeune lion doit reprendre le trône de son père après sa mort tragique.'),
('Dark',                    '2017-12-01', '01:00:00',  16, 'Série',        'https://youtube.com/watch?v=dark',            'Science-Fiction', 'Quatre familles liées par un voyage dans le temps dans une petite ville allemande.'),
('Joker',                   '2019-10-04', '02:02:00',  16, 'Film',         'https://youtube.com/watch?v=joker',           'Drame',           'L\'origine d\'Arthur Fleck, un comédien raté qui bascule dans la folie.'),
('Squid Game',              '2021-09-17', '00:54:00',  18, 'Série',        'https://youtube.com/watch?v=squidgame',       'Thriller',        'Des personnes endettées participent à des jeux d\'enfants mortels pour gagner une fortune.'),
('Dune',                    '2021-10-22', '02:35:00',  13, 'Film',         'https://youtube.com/watch?v=dune',            'Science-Fiction', 'Un jeune noble hérite d\'une planète désertique convoitée pour sa précieuse ressource.'),
('The Last of Us',          '2023-01-15', '01:00:00',  18, 'Série',        'https://youtube.com/watch?v=thelastofus',     'Drame',           'Un survivant escorte une jeune fille immunisée à travers une Amérique dévastée.'),
('Oppenheimer',             '2023-07-21', '03:00:00',  13, 'Film',         'https://youtube.com/watch?v=oppenheimer',     'Historique',      'La vie du physicien qui a dirigé le projet Manhattan pour créer la bombe atomique.'),
('Wednesday',               '2022-11-23', '00:50:00',  13, 'Série',        'https://youtube.com/watch?v=wednesday',       'Fantastique',     'Wednesday Addams enquête sur des meurtres dans son lycée de monstres.'),
('Barbie',                  '2023-07-21', '01:54:00',  10, 'Film',         'https://youtube.com/watch?v=barbie',          'Comédie',         'Barbie et Ken quittent Barbieland pour découvrir le monde réel.'),
('Arcane',                  '2021-11-06', '00:40:00',  16, 'Série',        'https://youtube.com/watch?v=arcane',          'Animation',       'L\'histoire des origines de champions de League of Legends dans une ville divisée.'),
('Top Gun: Maverick',       '2022-05-27', '02:11:00',  13, 'Film',         'https://youtube.com/watch?v=topgun',          'Action',          'Maverick entraîne une nouvelle génération de pilotes pour une mission suicide.'),
('The Bear',                '2022-06-23', '00:30:00',  16, 'Série',        'https://youtube.com/watch?v=thebear',         'Drame',           'Un chef étoilé reprend le restaurant familial de son frère décédé à Chicago.'),
('Pulp Fiction',            '1994-10-14', '02:34:00',  18, 'Film',         'https://youtube.com/watch?v=pulpfiction',     'Policier',        'Histoires entrelacées de criminels et gangsters dans le Los Angeles des années 90.'),
('Peaky Blinders',          '2013-09-12', '00:58:00',  18, 'Série',        'https://youtube.com/watch?v=peakyblinders',   'Policier',        'Un gang familial de Birmingham domine le monde criminel après la Grande Guerre.'),
('Spirited Away',           '2001-07-20', '02:05:00',   0, 'Film',         'https://youtube.com/watch?v=spiritedaway',    'Animation',       'Une jeune fille se perd dans un monde fantastique peuplé d\'esprits.'),
('Chernobyl',               '2019-05-06', '01:00:00',  16, 'Série',        'https://youtube.com/watch?v=chernobyl',       'Historique',      'La catastrophe nucléaire soviétique de 1986 et ses conséquences dramatiques.'),
('Everything Everywhere',   '2022-03-25', '02:19:00',  13, 'Film',         'https://youtube.com/watch?v=eeaao',           'Science-Fiction', 'Une propriétaire de blanchisserie explore des univers parallèles pour sauver le monde.'),
('Gladiateur',              '2000-05-05', '02:35:00',  16, 'Film',         'https://youtube.com/watch?v=gladiateur',      'Action',          'Un général romain trahi est réduit en esclavage et devient gladiateur pour se venger.'),
('Mindhunter',              '2017-10-13', '00:55:00',  18, 'Série',        'https://youtube.com/watch?v=mindhunter',      'Policier',        'Deux agents du FBI interrogent des tueurs en série pour comprendre leurs mobiles.'),
('Forrest Gump',            '1994-07-06', '02:22:00',  10, 'Film',         'https://youtube.com/watch?v=forrestgump',     'Drame',           'La vie extraordinaire d\'un homme simple qui traverse les grands événements américains.'),
('Ozark',                   '2017-07-21', '01:00:00',  18, 'Série',        'https://youtube.com/watch?v=ozark',           'Drame',           'Un conseiller financier déplace sa famille dans les Ozarks pour blanchir de l\'argent.'),
('The Matrix',              '1999-03-31', '02:16:00',  16, 'Film',         'https://youtube.com/watch?v=matrix',          'Science-Fiction', 'Un hacker découvre que la réalité est une simulation informatique.'),
('Succession',              '2018-06-03', '01:00:00',  18, 'Série',        'https://youtube.com/watch?v=succession',      'Drame',           'Une famille milliardaire se dispute le contrôle d\'un empire médiatique mondial.'),
('Shutter Island',          '2010-02-19', '02:18:00',  16, 'Film',         'https://youtube.com/watch?v=shutterisland',   'Thriller',        'Un marshal enquête sur la disparition d\'une patiente dans un asile pour criminels.'),
('The Witcher',             '2019-12-20', '01:00:00',  18, 'Série',        'https://youtube.com/watch?v=witcher',         'Fantastique',     'Un chasseur de monstres cherche sa place dans un monde où les humains sont cruels.'),
('Avengers: Endgame',       '2019-04-26', '03:01:00',  13, 'Film',         'https://youtube.com/watch?v=endgame',         'Action',          'Les Avengers tentent de renverser Thanos et de ramener les disparus.'),
('Black Mirror',            '2011-12-04', '01:00:00',  18, 'Série',        'https://youtube.com/watch?v=blackmirror',     'Science-Fiction', 'Anthologie explorant les dérives technologiques et leurs effets sur l\'humanité.'),
('Schindler\'s List',       '1993-12-15', '03:15:00',  16, 'Film',         'https://youtube.com/watch?v=schindler',       'Historique',      'Un industriel allemand sauve plus de mille juifs polonais pendant la Shoah.'),
('Better Call Saul',        '2015-02-08', '00:46:00',  18, 'Série',        'https://youtube.com/watch?v=bettercallsaul',  'Drame',           'Les origines de Jimmy McGill qui deviendra l\'avocat véreux Saul Goodman.'),
('Fight Club',              '1999-10-15', '02:19:00',  18, 'Film',         'https://youtube.com/watch?v=fightclub',       'Thriller',        'Un insomniaque fonde un club de combat clandestin avec un vendeur de savon charismatique.'),
('Narcos',                  '2015-08-28', '00:49:00',  18, 'Série',        'https://youtube.com/watch?v=narcos',          'Policier',        'La montée et la chute du baron de la drogue Pablo Escobar en Colombie.'),
('1917',                    '2019-12-04', '01:59:00',  13, 'Film',         'https://youtube.com/watch?v=1917',            'Historique',      'Deux soldats britanniques reçoivent une mission périlleuse pendant la Grande Guerre.'),
('The Mandalorian',         '2019-11-12', '00:40:00',  13, 'Série',        'https://youtube.com/watch?v=mandalorian',     'Action',          'Un chasseur de primes solitaire protège un mystérieux enfant dans la galaxie.'),
('Tenet',                   '2020-08-26', '02:30:00',  13, 'Film',         'https://youtube.com/watch?v=tenet',           'Action',          'Un agent secret utilise l\'inversion du temps pour prévenir la Troisième Guerre Mondiale.'),
('Lupin',                   '2021-01-08', '00:45:00',  13, 'Série',        'https://youtube.com/watch?v=lupin',           'Policier',        'Un homme s\'inspire d\'Arsène Lupin pour se venger de la famille qui a ruiné son père.'),
('Blade Runner 2049',       '2017-10-06', '02:44:00',  16, 'Film',         'https://youtube.com/watch?v=bladerunner49',   'Science-Fiction', 'Un replicant-chasseur découvre un secret qui pourrait bouleverser la société.'),
('Severance',               '2022-02-18', '01:00:00',  16, 'Série',        'https://youtube.com/watch?v=severance',       'Science-Fiction', 'Des employés dont les souvenirs professionnels sont séparés de leur vie personnelle.'),
('Dunkirk',                 '2017-07-21', '01:46:00',  13, 'Film',         'https://youtube.com/watch?v=dunkirk',         'Historique',      'L\'évacuation héroïque de soldats alliés sur les plages de Dunkerque en 1940.'),
('House of the Dragon',     '2022-08-21', '01:00:00',  18, 'Série',        'https://youtube.com/watch?v=hotd',            'Fantastique',     'La préquelle de Game of Thrones sur les guerres civiles de la maison Targaryen.'),
('Dune: Part Two',          '2024-03-01', '02:46:00',  13, 'Film',         'https://youtube.com/watch?v=dune2',           'Science-Fiction', 'Paul Atreides s\'unit aux Fremen pour mener une guerre sainte contre ses oppresseurs.'),
('Shogun',                  '2024-02-27', '01:00:00',  18, 'Série',        'https://youtube.com/watch?v=shogun',          'Historique',      'Un navigateur anglais échoue au Japon féodal et devient progressivement samurai.'),
('Adolescence',             '2025-03-13', '01:00:00',  18, 'Série',        'https://youtube.com/watch?v=adolescence',     'Drame',           'L\'enquête sur un adolescent accusé de meurtre et son impact dévastateur sur sa famille.'),
('Goodfellas',              '1990-09-19', '02:26:00',  18, 'Film',         'https://youtube.com/watch?v=goodfellas',      'Policier',        'L\'ascension et la chute d\'un gangster new-yorkais sur 30 ans.'),
('The Office',              '2005-03-24', '00:22:00',  10, 'Série',        'https://youtube.com/watch?v=theoffice',       'Comédie',         'La vie quotidienne hilarante d\'une équipe dans une entreprise de papeterie.'),
('The Silence of the Lambs','1991-02-14', '01:58:00',  18, 'Film',         'https://youtube.com/watch?v=silencelambs',    'Thriller',        'Une agent du FBI doit obtenir l\'aide d\'un tueur en série pour en attraper un autre.'),
('The Umbrella Academy',    '2019-02-15', '00:55:00',  16, 'Série',        'https://youtube.com/watch?v=umbrellaacademy', 'Fantastique',     'Des super-héros dysfonctionnels se réunissent pour empêcher l\'apocalypse.'),
('Fleabag',                 '2016-07-21', '00:25:00',  18, 'Série',        'https://youtube.com/watch?v=fleabag',         'Comédie',         'Une jeune Londonienne navigue sa vie chaotique avec un humour noir décapant.'),
('Whiplash',                '2014-10-10', '01:47:00',  16, 'Film',         'https://youtube.com/watch?v=whiplash',        'Drame',           'Un jeune batteur ambitieux face à un professeur de musique tyrannique.'),
('Dark Matter',             '2024-05-08', '01:00:00',  16, 'Série',        'https://youtube.com/watch?v=darkmatter',      'Science-Fiction', 'Un physicien se réveille dans une vie parallèle et tente de retrouver sa vraie famille.'),
('The Grand Budapest Hotel','2014-03-07', '01:39:00',  13, 'Film',         'https://youtube.com/watch?v=grandbudapest',   'Comédie',         'Un légendaire concierge d\'hôtel et son protégé mêlés à un meurtre mystérieux.'),
('Rings of Power',          '2022-09-02', '01:00:00',  13, 'Série',        'https://youtube.com/watch?v=ringsofpower',    'Fantastique',     'Les héros de la Terre du Milieu forment des alliances contre les ténèbres.'),
('Finding Nemo',            '2003-05-30', '01:40:00',   0, 'Film',         'https://youtube.com/watch?v=findingnemo',     'Animation',       'Un petit poisson part à l\'aventure pour retrouver son fils disparu dans l\'océan.'),
('Andor',                   '2022-09-21', '00:45:00',  13, 'Série',        'https://youtube.com/watch?v=andor',           'Action',          'L\'histoire des débuts du rebelle Cassian Andor dans la galaxie Star Wars.'),
('No Country for Old Men',  '2007-11-09', '02:02:00',  18, 'Film',         'https://youtube.com/watch?v=nocountry',       'Thriller',        'Un homme découvre une mallette d\'argent et est traqué par un tueur implacable.'),
('Ted Lasso',               '2020-08-14', '00:30:00',  10, 'Série',        'https://youtube.com/watch?v=tedlasso',        'Comédie',         'Un entraîneur américain prend la tête d\'un club de football anglais.'),
('Amadeus',                 '1984-09-19', '02:40:00',  13, 'Film',         'https://youtube.com/watch?v=amadeus',         'Historique',      'Antonio Salieri raconte son obsession jalouse pour le génie de Mozart.'),
('The Crown',               '2016-11-04', '00:58:00',  13, 'Série',        'https://youtube.com/watch?v=thecrown',        'Historique',      'La vie de la reine Élisabeth II depuis son accession au trône.'),
('Blade Runner',            '1982-06-25', '01:57:00',  16, 'Film',         'https://youtube.com/watch?v=bladerunner82',   'Science-Fiction', 'Un chasseur d\'androïdes traque des réplicants qui ont fui vers la Terre.'),
('Westworld',               '2016-10-02', '01:00:00',  18, 'Série',        'https://youtube.com/watch?v=westworld',       'Science-Fiction', 'Dans un parc futuriste, des androïdes développent progressivement une conscience.'),
('Seven',                   '1995-09-22', '02:07:00',  18, 'Film',         'https://youtube.com/watch?v=seven',           'Policier',        'Deux détectives traquent un tueur en série inspiré par les sept péchés capitaux.'),
('The Boys',                '2019-07-26', '01:00:00',  18, 'Série',        'https://youtube.com/watch?v=theboys',         'Action',          'Des justiciers tentent de mettre fin aux abus de super-héros corrompus.'),
('Oldboy',                  '2003-11-21', '02:00:00',  18, 'Film',         'https://youtube.com/watch?v=oldboy',          'Thriller',        'Un homme emprisonné 15 ans sans raison cherche à découvrir qui l\'a enfermé.'),
('Emily in Paris',          '2020-10-02', '00:30:00',  13, 'Série',        'https://youtube.com/watch?v=emilyinparis',    'Romance',         'Une jeune Américaine déménage à Paris pour un poste dans une agence de marketing.'),
('The Prestige',            '2006-10-20', '02:10:00',  13, 'Film',         'https://youtube.com/watch?v=prestige',        'Thriller',        'Deux magiciens rivaux se détruisent mutuellement dans leur quête du tour parfait.'),
('Bridgerton',              '2020-12-25', '01:00:00',  16, 'Série',        'https://youtube.com/watch?v=bridgerton',      'Romance',         'Les aventures romantiques de la famille Bridgerton dans la haute société londonienne.'),
('A Beautiful Mind',        '2001-12-21', '02:15:00',  13, 'Film',         'https://youtube.com/watch?v=beautifulmind',   'Drame',           'L\'histoire vraie du mathématicien John Nash et son combat contre la schizophrénie.'),
('Euphoria',                '2019-06-16', '01:00:00',  18, 'Série',        'https://youtube.com/watch?v=euphoria',        'Drame',           'Des lycéens américains naviguent entre drogues, identité, traumatismes et amour.'),
('The Shining',             '1980-05-23', '02:24:00',  18, 'Film',         'https://youtube.com/watch?v=theshining',      'Horreur',         'Un écrivain s\'installe dans un hôtel isolé avec sa famille et sombre dans la folie.'),
('Memento',                 '2000-10-11', '01:53:00',  16, 'Film',         'https://youtube.com/watch?v=memento',         'Thriller',        'Un homme amnésique utilise notes et tatouages pour retrouver le meurtrier de sa femme.'),
('The Departed',            '2006-10-06', '02:31:00',  18, 'Film',         'https://youtube.com/watch?v=thedeparted',     'Policier',        'Un policier infiltre la mafia tandis qu\'un malfrat infiltre la police de Boston.'),
('Gravity',                 '2013-10-04', '01:31:00',  13, 'Film',         'https://youtube.com/watch?v=gravity',         'Science-Fiction', 'Deux astronautes tentent de survivre après la destruction de leur navette spatiale.'),
('Her',                     '2013-12-18', '02:06:00',  13, 'Film',         'https://youtube.com/watch?v=hermovie',        'Romance',         'Un homme solitaire tombe amoureux d\'une intelligence artificielle captivante.'),
('The Penguin',             '2024-09-19', '01:00:00',  18, 'Série',        'https://youtube.com/watch?v=penguin',         'Policier',        'Oz Cobb prend le contrôle du crime organisé à Gotham après la mort de Falcone.'),
('Daredevil: Born Again',   '2025-03-04', '01:00:00',  18, 'Série',        'https://youtube.com/watch?v=daredevil',       'Action',          'Matt Murdock reprend son costume après que son identité secrète soit révélée.'),
('Klaus',                   '2019-11-15', '01:36:00',   0, 'Film',         'https://youtube.com/watch?v=klausfilm',       'Animation',       'Un jeune facteur et un mystérieux charpentier répandent la joie dans un village hostile.'),
('Mad Max: Fury Road',      '2015-05-15', '02:00:00',  16, 'Film',         'https://youtube.com/watch?v=madmax',          'Action',          'Dans un monde post-apocalyptique, une rebelle et un guerrier fuient un tyran cruel.'),
('The Pianist',             '2002-09-25', '02:29:00',  16, 'Film',         'https://youtube.com/watch?v=thepianist',      'Historique',      'Un pianiste juif polonais survit à l\'occupation nazie de Varsovie.'),
('Braveheart',              '1995-05-24', '02:58:00',  16, 'Film',         'https://youtube.com/watch?v=braveheart',      'Historique',      'William Wallace mène les Écossais dans une rébellion contre la domination anglaise.'),
('The Pitt',                '2025-01-09', '01:00:00',  16, 'Série',        'https://youtube.com/watch?v=thepitt',         'Drame',           'Une équipe médicale travaille sous pression extrême dans un hôpital de Pittsburgh.'),
('Squid Game S2',           '2024-12-26', '00:57:00',  18, 'Série',        'https://youtube.com/watch?v=squidgame2',      'Thriller',        'Gi-hun retourne dans les jeux avec la ferme intention de les arrêter de l\'intérieur.'),
('The Office UK',           '2001-07-09', '00:30:00',  13, 'Série',        'https://youtube.com/watch?v=officeuk',        'Comédie',         'La version originale britannique de la comédie de bureau culte de Ricky Gervais.'),
('Killers of the Flower Moon','2023-10-20','03:26:00', 16, 'Film',         'https://youtube.com/watch?v=killers',         'Historique',      'Des meurtres en série au sein de la nation Osage dans l\'Oklahoma des années 1920.'),
('The Bear S2',             '2023-06-22', '00:30:00',  16, 'Série',        'https://youtube.com/watch?v=thebears2',       'Drame',           'Carmy et son équipe transforment le restaurant en établissement gastronomique.'),
('Past Lives',              '2023-06-02', '01:46:00',  13, 'Film',         'https://youtube.com/watch?v=pastlives',       'Romance',         'Deux amis d\'enfance coréens se retrouvent des décennies plus tard à New York.'),
('Severance S2',            '2025-01-17', '01:00:00',  16, 'Série',        'https://youtube.com/watch?v=severance2',      'Science-Fiction', 'Mark et ses collègues découvrent les véritables intentions de la société Lumon.'),
('Conclave',                '2024-10-25', '02:00:00',  13, 'Film',         'https://youtube.com/watch?v=conclave',        'Thriller',        'Un cardinal supervise l\'élection d\'un nouveau pape et découvre des secrets troublants.'),
('The Last of Us S2',       '2025-04-13', '01:00:00',  18, 'Série',        'https://youtube.com/watch?v=tlous2',          'Drame',           'Ellie et Joel font face aux conséquences de leurs choix dans un monde impitoyable.'),
('The Penguin S1 Recap',    '2024-12-01', '00:30:00',  18, 'Documentaire', 'https://youtube.com/watch?v=penguindoc',      'Documentaire',    'Retour sur les coulisses et la production de la série The Penguin.'),
('Making of Arcane',        '2022-01-01', '01:00:00',   0, 'Documentaire', 'https://youtube.com/watch?v=arcanedoc',       'Documentaire',    'Les secrets de fabrication de la série animée Arcane de Riot Games.'),
('Our Planet',              '2019-04-05', '00:50:00',   0, 'Documentaire', 'https://youtube.com/watch?v=ourplanet',       'Documentaire',    'David Attenborough présente la beauté et la fragilité des écosystèmes de la Terre.'),
('Abstract: The Art of Design','2017-02-10','00:44:00', 0, 'Documentaire', 'https://youtube.com/watch?v=abstract',        'Documentaire',    'Exploration du processus créatif des designers les plus influents au monde.'),
('Our Planet S2',           '2023-04-01', '00:50:00',   0, 'Documentaire', 'https://youtube.com/watch?v=ourplanets2',     'Documentaire',    'Suite du documentaire de David Attenborough sur les ecosystemes fragilises de la Terre.');

-- ============================================================
-- 3. Client (100 lignes) - Id_abonnement cyclé sur 1-50
-- ============================================================
INSERT INTO Client (Nom_client, Prenom_client, Email_client, Mot_de_passe_client, Date_creation_client, Statut_client, Pays_client, Id_abonnement) VALUES
('Martin',     'Alice',     'alice.martin@gmail.com',       'hashed_pwd_001', '2023-01-05', 'Actif',    'France',      1),
('Dupont',     'Thomas',    'thomas.dupont@yahoo.fr',       'hashed_pwd_002', '2023-01-10', 'Actif',    'France',      2),
('Bernard',    'Sophie',    'sophie.bernard@gmail.com',     'hashed_pwd_003', '2023-02-01', 'Actif',    'Belgique',    3),
('Leroy',      'Nicolas',   'nicolas.leroy@gmail.com',      'hashed_pwd_004', '2023-02-15', 'Suspendu', 'France',      4),
('Moreau',     'Emma',      'emma.moreau@gmail.com',        'hashed_pwd_005', '2023-03-01', 'Actif',    'Suisse',      5),
('Simon',      'Lucas',     'lucas.simon@gmail.com',        'hashed_pwd_006', '2023-03-10', 'Actif',    'France',      6),
('Laurent',    'Manon',     'manon.laurent@gmail.com',      'hashed_pwd_007', '2023-04-01', 'Actif',    'Canada',      7),
('Lefebvre',   'Hugo',      'hugo.lefebvre@gmail.com',      'hashed_pwd_008', '2023-04-10', 'Actif',    'France',      8),
('Michel',     'Chloe',     'chloe.michel@gmail.com',       'hashed_pwd_009', '2023-05-01', 'Actif',    'France',      9),
('Garcia',     'Antoine',   'antoine.garcia@gmail.com',     'hashed_pwd_010', '2023-05-10', 'Actif',    'Espagne',    10),
('David',      'Lea',       'lea.david@gmail.com',          'hashed_pwd_011', '2023-06-01', 'Actif',    'France',     11),
('Bertrand',   'Julien',    'julien.bertrand@gmail.com',    'hashed_pwd_012', '2023-06-10', 'Actif',    'France',     12),
('Roux',       'Camille',   'camille.roux@gmail.com',       'hashed_pwd_013', '2023-07-01', 'Actif',    'France',     13),
('Vincent',    'Pierre',    'pierre.vincent@gmail.com',     'hashed_pwd_014', '2023-07-10', 'Suspendu', 'Luxembourg', 14),
('Fournier',   'Marie',     'marie.fournier@gmail.com',     'hashed_pwd_015', '2023-08-01', 'Actif',    'France',     15),
('Morel',      'Paul',      'paul.morel@gmail.com',         'hashed_pwd_016', '2023-08-10', 'Actif',    'France',     16),
('Girard',     'Ines',      'ines.girard@gmail.com',        'hashed_pwd_017', '2023-09-01', 'Actif',    'Maroc',      17),
('Andre',      'Baptiste',  'baptiste.andre@gmail.com',     'hashed_pwd_018', '2023-09-10', 'Actif',    'France',     18),
('Lefevre',    'Zoe',       'zoe.lefevre@gmail.com',        'hashed_pwd_019', '2023-10-01', 'Actif',    'France',     19),
('Mercier',    'Kevin',     'kevin.mercier@gmail.com',      'hashed_pwd_020', '2023-10-10', 'Actif',    'France',     20),
('Dupuis',     'Sarah',     'sarah.dupuis@gmail.com',       'hashed_pwd_021', '2023-11-01', 'Actif',    'Belgique',   21),
('Chevalier',  'Romain',    'romain.chevalier@gmail.com',   'hashed_pwd_022', '2023-11-10', 'Actif',    'France',     22),
('Robin',      'Julie',     'julie.robin@gmail.com',        'hashed_pwd_023', '2023-12-01', 'Actif',    'France',     23),
('Faure',      'Maxime',    'maxime.faure@gmail.com',       'hashed_pwd_024', '2023-12-10', 'Actif',    'Suisse',     24),
('Rousseau',   'Clara',     'clara.rousseau@gmail.com',     'hashed_pwd_025', '2024-01-05', 'Actif',    'France',     25),
('Blanc',      'Dylan',     'dylan.blanc@gmail.com',        'hashed_pwd_026', '2024-01-10', 'Actif',    'France',     26),
('Guerin',     'Anais',     'anais.guerin@gmail.com',       'hashed_pwd_027', '2024-02-01', 'Actif',    'Canada',     27),
('Muller',     'Theo',      'theo.muller@gmail.com',        'hashed_pwd_028', '2024-02-10', 'Actif',    'France',     28),
('Henry',      'Pauline',   'pauline.henry@gmail.com',      'hashed_pwd_029', '2024-03-01', 'Suspendu', 'France',     29),
('Gautier',    'Alexis',    'alexis.gautier@gmail.com',     'hashed_pwd_030', '2024-03-10', 'Actif',    'Algerie',    30),
('Perrin',     'Laura',     'laura.perrin@gmail.com',       'hashed_pwd_031', '2024-04-01', 'Actif',    'France',     31),
('Renard',     'Quentin',   'quentin.renard@gmail.com',     'hashed_pwd_032', '2024-04-10', 'Actif',    'France',     32),
('Lemaire',    'Aurelie',   'aurelie.lemaire@gmail.com',    'hashed_pwd_033', '2024-05-01', 'Actif',    'Belgique',   33),
('Dumont',     'Cedric',    'cedric.dumont@gmail.com',      'hashed_pwd_034', '2024-05-10', 'Actif',    'France',     34),
('Clement',    'Elodie',    'elodie.clement@gmail.com',     'hashed_pwd_035', '2024-06-01', 'Actif',    'France',     35),
('Marchand',   'Florian',   'florian.marchand@gmail.com',   'hashed_pwd_036', '2024-06-10', 'Actif',    'France',     36),
('Bonnet',     'Laure',     'laure.bonnet@gmail.com',       'hashed_pwd_037', '2024-07-01', 'Actif',    'Suisse',     37),
('Francois',   'Adrien',    'adrien.francois@gmail.com',    'hashed_pwd_038', '2024-07-10', 'Actif',    'France',     38),
('Noel',       'Charlotte', 'charlotte.noel@gmail.com',     'hashed_pwd_039', '2024-08-01', 'Actif',    'France',     39),
('Picard',     'Samuel',    'samuel.picard@gmail.com',      'hashed_pwd_040', '2024-08-10', 'Actif',    'France',     40),
('Carpentier', 'Emilie',    'emilie.carpentier@gmail.com',  'hashed_pwd_041', '2024-09-01', 'Actif',    'Canada',     41),
('Pons',       'Gabriel',   'gabriel.pons@gmail.com',       'hashed_pwd_042', '2024-09-10', 'Actif',    'France',     42),
('Caron',      'Isabelle',  'isabelle.caron@gmail.com',     'hashed_pwd_043', '2024-10-01', 'Actif',    'France',     43),
('Legrand',    'Vincent',   'vincent.legrand@gmail.com',    'hashed_pwd_044', '2024-10-10', 'Actif',    'France',     44),
('Arnaud',     'Melanie',   'melanie.arnaud@gmail.com',     'hashed_pwd_045', '2024-11-01', 'Actif',    'France',     45),
('Philippe',   'Sebastien', 'sebastien.philippe@gmail.com', 'hashed_pwd_046', '2024-11-10', 'Actif',    'France',     46),
('Gilles',     'Nathalie',  'nathalie.gilles@gmail.com',    'hashed_pwd_047', '2024-12-01', 'Suspendu', 'Tunisie',    47),
('Lebrun',     'Mathieu',   'mathieu.lebrun@gmail.com',     'hashed_pwd_048', '2024-12-10', 'Actif',    'France',     48),
('Vidal',      'Celine',    'celine.vidal@gmail.com',       'hashed_pwd_049', '2025-01-05', 'Actif',    'France',     49),
('Bouchard',   'Ethan',     'ethan.bouchard@gmail.com',     'hashed_pwd_050', '2025-01-10', 'Actif',    'Canada',     50),
('Roussel',    'Amandine',  'amandine.roussel@gmail.com',   'hashed_pwd_051', '2025-01-15', 'Actif',    'France',      1),
('Dupre',      'Corentin',  'corentin.dupre@gmail.com',     'hashed_pwd_052', '2025-01-20', 'Actif',    'France',      2),
('Vasseur',    'Oceane',    'oceane.vasseur@gmail.com',      'hashed_pwd_053', '2025-02-01', 'Actif',    'France',      3),
('Aubert',     'Nathan',    'nathan.aubert@gmail.com',      'hashed_pwd_054', '2025-02-10', 'Actif',    'Belgique',    4),
('Collet',     'Jade',      'jade.collet@gmail.com',        'hashed_pwd_055', '2025-02-15', 'Actif',    'France',      5),
('Riviere',    'Tom',       'tom.riviere@gmail.com',        'hashed_pwd_056', '2025-03-01', 'Actif',    'France',      6),
('Lacroix',    'Lucie',     'lucie.lacroix@gmail.com',      'hashed_pwd_057', '2025-03-05', 'Actif',    'Suisse',      7),
('Brun',       'Mathis',    'mathis.brun@gmail.com',        'hashed_pwd_058', '2025-03-10', 'Actif',    'France',      8),
('Pelletier',  'Elisa',     'elisa.pelletier@gmail.com',    'hashed_pwd_059', '2025-03-15', 'Actif',    'Canada',      9),
('Garnier',    'Axel',      'axel.garnier@gmail.com',       'hashed_pwd_060', '2025-04-01', 'Actif',    'France',     10),
('Marty',      'Camille',   'camille.marty2@gmail.com',     'hashed_pwd_061', '2025-04-05', 'Actif',    'France',     11),
('Charrier',   'Hugo',      'hugo.charrier@gmail.com',      'hashed_pwd_062', '2025-04-10', 'Actif',    'France',     12),
('Lecomte',    'Ines',      'ines.lecomte@gmail.com',       'hashed_pwd_063', '2025-04-15', 'Actif',    'Belgique',   13),
('Barreau',    'Rayan',     'rayan.barreau@gmail.com',      'hashed_pwd_064', '2025-05-01', 'Actif',    'France',     14),
('Tessier',    'Eva',       'eva.tessier@gmail.com',        'hashed_pwd_065', '2025-05-05', 'Actif',    'France',     15),
('Perret',     'Samy',      'samy.perret@gmail.com',        'hashed_pwd_066', '2025-05-10', 'Actif',    'Maroc',      16),
('Coste',      'Lola',      'lola.coste@gmail.com',         'hashed_pwd_067', '2025-05-15', 'Actif',    'France',     17),
('Leclercq',   'Enzo',      'enzo.leclercq@gmail.com',      'hashed_pwd_068', '2025-06-01', 'Actif',    'France',     18),
('Guillet',    'Noemie',    'noemie.guillet@gmail.com',     'hashed_pwd_069', '2025-06-05', 'Actif',    'France',     19),
('Chauvet',    'Antoine',   'antoine.chauvet@gmail.com',    'hashed_pwd_070', '2025-06-10', 'Actif',    'Suisse',     20),
('Poulain',    'Maelys',    'maelys.poulain@gmail.com',     'hashed_pwd_071', '2025-06-15', 'Actif',    'France',     21),
('Delorme',    'Alexis',    'alexis.delorme@gmail.com',     'hashed_pwd_072', '2025-07-01', 'Actif',    'France',     22),
('Humbert',    'Sarah',     'sarah.humbert@gmail.com',      'hashed_pwd_073', '2025-07-05', 'Actif',    'Canada',     23),
('Jacquet',    'Kevin',     'kevin.jacquet@gmail.com',      'hashed_pwd_074', '2025-07-10', 'Actif',    'France',     24),
('Navarro',    'Alba',      'alba.navarro@gmail.com',       'hashed_pwd_075', '2025-07-15', 'Actif',    'Espagne',    25),
('Lamy',       'Jules',     'jules.lamy@gmail.com',         'hashed_pwd_076', '2025-08-01', 'Actif',    'France',     26),
('Barbier',    'Chloe',     'chloe.barbier@gmail.com',      'hashed_pwd_077', '2025-08-05', 'Actif',    'France',     27),
('Mallet',     'Maxence',   'maxence.mallet@gmail.com',     'hashed_pwd_078', '2025-08-10', 'Actif',    'Belgique',   28),
('Couture',    'Leonie',    'leonie.couture@gmail.com',      'hashed_pwd_079', '2025-08-15', 'Actif',    'France',     29),
('Bazin',      'Theodore',  'theodore.bazin@gmail.com',     'hashed_pwd_080', '2025-09-01', 'Actif',    'France',     30),
('Renaud',     'Capucine',  'capucine.renaud@gmail.com',    'hashed_pwd_081', '2025-09-05', 'Actif',    'France',     31),
('Payet',      'Tristan',   'tristan.payet@gmail.com',      'hashed_pwd_082', '2025-09-10', 'Actif',    'France',     32),
('Masson',     'Adele',     'adele.masson@gmail.com',       'hashed_pwd_083', '2025-09-15', 'Actif',    'Suisse',     33),
('Pasquier',   'Lilian',    'lilian.pasquier@gmail.com',    'hashed_pwd_084', '2025-10-01', 'Actif',    'France',     34),
('Combes',     'Romane',    'romane.combes@gmail.com',      'hashed_pwd_085', '2025-10-05', 'Actif',    'France',     35),
('Bardet',     'Florent',   'florent.bardet@gmail.com',     'hashed_pwd_086', '2025-10-10', 'Actif',    'France',     36),
('Moulin',     'Laurie',    'laurie.moulin@gmail.com',      'hashed_pwd_087', '2025-10-15', 'Actif',    'Maroc',      37),
('Combe',      'Valentin',  'valentin.combe@gmail.com',     'hashed_pwd_088', '2025-11-01', 'Actif',    'France',     38),
('Paget',      'Emeline',   'emeline.paget@gmail.com',      'hashed_pwd_089', '2025-11-05', 'Actif',    'Belgique',   39),
('Sauvage',    'Martin',    'martin.sauvage@gmail.com',     'hashed_pwd_090', '2025-11-10', 'Actif',    'France',     40),
('Masse',      'Justine',   'justine.masse@gmail.com',      'hashed_pwd_091', '2025-11-15', 'Actif',    'France',     41),
('Ferrand',    'Clement',   'clement.ferrand@gmail.com',    'hashed_pwd_092', '2025-12-01', 'Actif',    'France',     42),
('Bonneau',    'Estelle',   'estelle.bonneau@gmail.com',    'hashed_pwd_093', '2025-12-05', 'Actif',    'Canada',     43),
('Pichon',     'Baptiste',  'baptiste.pichon@gmail.com',    'hashed_pwd_094', '2025-12-10', 'Actif',    'France',     44),
('Fleury',     'Manon',     'manon.fleury@gmail.com',       'hashed_pwd_095', '2025-12-15', 'Actif',    'France',     45),
('Colas',      'Damien',    'damien.colas@gmail.com',       'hashed_pwd_096', '2026-01-05', 'Actif',    'France',     46),
('Verdier',    'Audrey',    'audrey.verdier@gmail.com',     'hashed_pwd_097', '2026-01-10', 'Actif',    'Suisse',     47),
('Marin',      'Nicolas',   'nicolas.marin@gmail.com',      'hashed_pwd_098', '2026-01-15', 'Actif',    'France',     48),
('Tanguy',     'Pauline',   'pauline.tanguy@gmail.com',     'hashed_pwd_099', '2026-02-01', 'Actif',    'France',     49),
('Guillot',    'Pierre',    'pierre.guillot@gmail.com',     'hashed_pwd_100', '2026-02-10', 'Actif',    'France',     50);

-- ============================================================
-- 4. Profil (100 lignes) - Id_client 1 à 100
-- ============================================================
INSERT INTO Profil (Nom_profil, Avatar_profil, Type_profil, Limite_age, Langue_Preferee, Date_creation_profil, Id_client) VALUES
('Alice',      'av01.png', 'Adulte',      21, 'Francais',  '2023-01-05',  1),
('Thomas',     'av02.png', 'Adulte',      21, 'Francais',  '2023-01-10',  2),
('Sophie',     'av03.png', 'Adulte',      21, 'Francais',  '2023-02-01',  3),
('Nicolas',    'av04.png', 'Adulte',      21, 'Francais',  '2023-02-15',  4),
('Emma',       'av05.png', 'Adulte',      21, 'Francais',  '2023-03-01',  5),
('Lucas',      'av06.png', 'Adulte',      21, 'Francais',  '2023-03-10',  6),
('Mini Lucas', 'av07.png', 'Enfant',       8, 'Francais',  '2023-03-10',  6),
('Manon',      'av08.png', 'Adulte',      21, 'Francais',  '2023-04-01',  7),
('Hugo',       'av09.png', 'Adulte',      21, 'Francais',  '2023-04-10',  8),
('Chloe',      'av10.png', 'Adulte',      21, 'Francais',  '2023-05-01',  9),
('Antoine',    'av11.png', 'Adulte',      21, 'Espagnol',  '2023-05-10', 10),
('Lea',        'av12.png', 'Adulte',      21, 'Francais',  '2023-06-01', 11),
('Junior Lea', 'av13.png', 'Adolescent',  16, 'Francais',  '2023-06-01', 11),
('Julien',     'av14.png', 'Adulte',      21, 'Francais',  '2023-06-10', 12),
('Camille',    'av15.png', 'Adulte',      21, 'Francais',  '2023-07-01', 13),
('Pierre',     'av16.png', 'Adulte',      21, 'Francais',  '2023-07-10', 14),
('Marie',      'av17.png', 'Adulte',      21, 'Francais',  '2023-08-01', 15),
('Kid Marie',  'av18.png', 'Enfant',       6, 'Francais',  '2023-08-01', 15),
('Paul',       'av19.png', 'Adulte',      21, 'Francais',  '2023-08-10', 16),
('Ines',       'av20.png', 'Adulte',      21, 'Arabe',     '2023-09-01', 17),
('Baptiste',   'av21.png', 'Adulte',      21, 'Francais',  '2023-09-10', 18),
('Zoe',        'av22.png', 'Adulte',      21, 'Francais',  '2023-10-01', 19),
('Kevin',      'av23.png', 'Adulte',      21, 'Francais',  '2023-10-10', 20),
('Sarah',      'av24.png', 'Adulte',      21, 'Anglais',   '2023-11-01', 21),
('Romain',     'av25.png', 'Adulte',      21, 'Francais',  '2023-11-10', 22),
('Julie',      'av26.png', 'Adulte',      21, 'Francais',  '2023-12-01', 23),
('Maxime',     'av27.png', 'Adulte',      21, 'Francais',  '2023-12-10', 24),
('Clara',      'av28.png', 'Adulte',      21, 'Francais',  '2024-01-05', 25),
('Dylan',      'av29.png', 'Adulte',      21, 'Francais',  '2024-01-10', 26),
('Anais',      'av30.png', 'Adulte',      21, 'Francais',  '2024-02-01', 27),
('Theo',       'av31.png', 'Adolescent',  17, 'Francais',  '2024-02-10', 28),
('Pauline',    'av32.png', 'Adulte',      21, 'Francais',  '2024-03-01', 29),
('Alexis',     'av33.png', 'Adulte',      21, 'Francais',  '2024-03-10', 30),
('Laura',      'av34.png', 'Adulte',      21, 'Francais',  '2024-04-01', 31),
('Quentin',    'av35.png', 'Adulte',      21, 'Francais',  '2024-04-10', 32),
('Aurelie',    'av36.png', 'Adulte',      21, 'Francais',  '2024-05-01', 33),
('Cedric',     'av37.png', 'Adulte',      21, 'Francais',  '2024-05-10', 34),
('Elodie',     'av38.png', 'Adulte',      21, 'Francais',  '2024-06-01', 35),
('Florian',    'av39.png', 'Adulte',      21, 'Francais',  '2024-06-10', 36),
('Laure',      'av40.png', 'Adulte',      21, 'Francais',  '2024-07-01', 37),
('Adrien',     'av41.png', 'Adulte',      21, 'Francais',  '2024-07-10', 38),
('Charlotte',  'av42.png', 'Adulte',      21, 'Francais',  '2024-08-01', 39),
('Samuel',     'av43.png', 'Adulte',      21, 'Francais',  '2024-08-10', 40),
('Emilie',     'av44.png', 'Adulte',      21, 'Anglais',   '2024-09-01', 41),
('Gabriel',    'av45.png', 'Adulte',      21, 'Francais',  '2024-09-10', 42),
('Isabelle',   'av46.png', 'Adulte',      21, 'Francais',  '2024-10-01', 43),
('Vincent',    'av47.png', 'Adulte',      21, 'Francais',  '2024-10-10', 44),
('Melanie',    'av48.png', 'Adulte',      21, 'Francais',  '2024-11-01', 45),
('Sebastien',  'av49.png', 'Adulte',      21, 'Francais',  '2024-11-10', 46),
('Nathalie',   'av50.png', 'Adulte',      21, 'Arabe',     '2024-12-01', 47),
('Mathieu',    'av51.png', 'Adulte',      21, 'Francais',  '2024-12-10', 48),
('Celine',     'av52.png', 'Adulte',      21, 'Francais',  '2025-01-05', 49),
('Ethan',      'av53.png', 'Adulte',      21, 'Anglais',   '2025-01-10', 50),
('Amandine',   'av54.png', 'Adulte',      21, 'Francais',  '2025-01-15', 51),
('Corentin',   'av55.png', 'Adulte',      21, 'Francais',  '2025-01-20', 52),
('Oceane',     'av56.png', 'Adulte',      21, 'Francais',  '2025-02-01', 53),
('Nathan',     'av57.png', 'Adulte',      21, 'Francais',  '2025-02-10', 54),
('Jade',       'av58.png', 'Adulte',      21, 'Francais',  '2025-02-15', 55),
('Tom',        'av59.png', 'Adulte',      21, 'Francais',  '2025-03-01', 56),
('Lucie',      'av60.png', 'Adulte',      21, 'Francais',  '2025-03-05', 57),
('Mathis',     'av61.png', 'Adolescent',  15, 'Francais',  '2025-03-10', 58),
('Elisa',      'av62.png', 'Adulte',      21, 'Anglais',   '2025-03-15', 59),
('Axel',       'av63.png', 'Adulte',      21, 'Francais',  '2025-04-01', 60),
('CamilleM',   'av64.png', 'Adulte',      21, 'Francais',  '2025-04-05', 61),
('HugoC',      'av65.png', 'Adulte',      21, 'Francais',  '2025-04-10', 62),
('InesL',      'av66.png', 'Adulte',      21, 'Francais',  '2025-04-15', 63),
('Rayan',      'av67.png', 'Adulte',      21, 'Francais',  '2025-05-01', 64),
('Eva',        'av68.png', 'Adulte',      21, 'Francais',  '2025-05-05', 65),
('Samy',       'av69.png', 'Adulte',      21, 'Arabe',     '2025-05-10', 66),
('Lola',       'av70.png', 'Adulte',      21, 'Francais',  '2025-05-15', 67),
('Enzo',       'av71.png', 'Adulte',      21, 'Francais',  '2025-06-01', 68),
('Noemie',     'av72.png', 'Adulte',      21, 'Francais',  '2025-06-05', 69),
('AntoineC',   'av73.png', 'Adulte',      21, 'Francais',  '2025-06-10', 70),
('Maelys',     'av74.png', 'Adolescent',  16, 'Francais',  '2025-06-15', 71),
('AlexisD',    'av75.png', 'Adulte',      21, 'Francais',  '2025-07-01', 72),
('SarahH',     'av76.png', 'Adulte',      21, 'Anglais',   '2025-07-05', 73),
('KevinJ',     'av77.png', 'Adulte',      21, 'Francais',  '2025-07-10', 74),
('Alba',       'av78.png', 'Adulte',      21, 'Espagnol',  '2025-07-15', 75),
('Jules',      'av79.png', 'Adulte',      21, 'Francais',  '2025-08-01', 76),
('ChloeB',     'av80.png', 'Adulte',      21, 'Francais',  '2025-08-05', 77),
('Maxence',    'av81.png', 'Adulte',      21, 'Francais',  '2025-08-10', 78),
('Leonie',     'av82.png', 'Adulte',      21, 'Francais',  '2025-08-15', 79),
('Theodore',   'av83.png', 'Adulte',      21, 'Francais',  '2025-09-01', 80),
('Capucine',   'av84.png', 'Adulte',      21, 'Francais',  '2025-09-05', 81),
('Tristan',    'av85.png', 'Adulte',      21, 'Francais',  '2025-09-10', 82),
('Adele',      'av86.png', 'Adulte',      21, 'Francais',  '2025-09-15', 83),
('Lilian',     'av87.png', 'Adulte',      21, 'Francais',  '2025-10-01', 84),
('Romane',     'av88.png', 'Adulte',      21, 'Francais',  '2025-10-05', 85),
('Florent',    'av89.png', 'Adulte',      21, 'Francais',  '2025-10-10', 86),
('Laurie',     'av90.png', 'Adulte',      21, 'Arabe',     '2025-10-15', 87),
('Valentin',   'av91.png', 'Adulte',      21, 'Francais',  '2025-11-01', 88),
('Emeline',    'av92.png', 'Adulte',      21, 'Francais',  '2025-11-05', 89),
('MartinS',    'av93.png', 'Adulte',      21, 'Francais',  '2025-11-10', 90),
('Justine',    'av94.png', 'Adulte',      21, 'Francais',  '2025-11-15', 91),
('Clement',    'av95.png', 'Adulte',      21, 'Francais',  '2025-12-01', 92),
('Estelle',    'av96.png', 'Adulte',      21, 'Anglais',   '2025-12-05', 93),
('BaptisteP',  'av97.png', 'Adulte',      21, 'Francais',  '2025-12-10', 94),
('ManonF',     'av98.png', 'Adulte',      21, 'Francais',  '2025-12-15', 95),
('Damien',     'av99.png', 'Adulte',      21, 'Francais',  '2026-01-05', 96),
('Audrey',    'av100.png', 'Adulte',      21, 'Francais',  '2026-01-10', 97);

-- ============================================================
-- 5. Saison (100 lignes) - Id_contenu référencent uniquement des séries (Id 2,4,6,8,10,12,14,16,18,20,22,24,27,29,31,33,35,37,39,41,43,45,47,49,50,52,54,55,57,60,62,64,66,67,69,71,73,75,80,82,85,88,90,92,94,96,98,99,100)
-- ============================================================
INSERT INTO Saison (Numero_Saison, annee_saison, Id_contenu) VALUES
(1, 2008,  2),
(2, 2009,  2),
(3, 2010,  2),
(4, 2011,  2),
(5, 2012,  2),
(1, 2016,  4),
(2, 2017,  4),
(3, 2019,  4),
(4, 2022,  4),
(1, 2011,  6),
(2, 2012,  6),
(3, 2013,  6),
(4, 2014,  6),
(1, 2017,  8),
(2, 2018,  8),
(3, 2019,  8),
(1, 2017, 10),
(2, 2019, 10),
(3, 2020, 10),
(1, 2021, 12),
(2, 2024, 12),
(1, 2023, 14),
(1, 2022, 16),
(2, 2025, 16),
(1, 2021, 18),
(2, 2024, 18),
(1, 2022, 20),
(2, 2023, 20),
(3, 2024, 20),
(1, 2013, 22),
(2, 2014, 22),
(3, 2016, 22),
(1, 2019, 24),
(1, 2017, 27),
(2, 2019, 27),
(1, 2017, 29),
(2, 2018, 29),
(3, 2020, 29),
(4, 2022, 29),
(1, 2018, 31),
(2, 2019, 31),
(3, 2021, 31),
(4, 2023, 31),
(1, 2019, 33),
(2, 2021, 33),
(3, 2023, 33),
(1, 2011, 35),
(2, 2013, 35),
(3, 2016, 35),
(4, 2019, 35),
(1, 2015, 37),
(2, 2016, 37),
(3, 2017, 37),
(4, 2018, 37),
(5, 2019, 37),
(6, 2021, 37),
(1, 2015, 39),
(2, 2016, 39),
(1, 2019, 41),
(2, 2020, 41),
(3, 2023, 41),
(1, 2021, 43),
(2, 2022, 43),
(3, 2023, 43),
(1, 2022, 45),
(2, 2025, 45),
(1, 2022, 47),
(2, 2024, 47),
(1, 2024, 49),
(1, 2025, 50),
(1, 2005, 52),
(2, 2006, 52),
(3, 2007, 52),
(1, 2019, 54),
(2, 2020, 54),
(1, 2016, 55),
(2, 2019, 55),
(1, 2024, 57),
(1, 2022, 60),
(2, 2024, 60),
(1, 2022, 62),
(1, 2020, 64),
(2, 2021, 64),
(3, 2023, 64),
(1, 2016, 66),
(2, 2017, 66),
(1, 2016, 69),
(2, 2018, 69),
(1, 2019, 71),
(2, 2020, 71),
(3, 2022, 71),
(1, 2020, 73),
(2, 2021, 73),
(1, 2020, 75),
(2, 2022, 75),
(1, 2024, 80),
(1, 2025, 85),
(1, 2019, 88),
(2, 2022, 88),
(1, 2024, 92);

-- ============================================================
-- 6. Episode (100 lignes) - Id_saison référencent 1 à 100
-- ============================================================
INSERT INTO Episode (Numero_episode, Titre_episode, Duree, Resume_episode, Id_saison) VALUES
-- Breaking Bad S1 (saison 1)
(1, 'Pilot',                             '00:58:00', 'Walter White apprend son cancer et rencontre Jesse Pinkman.',         1),
(2, 'Cat\'s in the Bag',                 '00:48:00', 'Walt et Jesse tentent de se débarrasser d\'un cadavre encombrant.',   1),
(3, 'And the Bag\'s in the River',       '00:48:00', 'Walt est confronté à un choix moral impossible dans son laboratoire.',1),
(4, 'Cancer Man',                        '00:47:00', 'Walt annonce sa maladie à sa famille sous le choc.',                  1),
-- Breaking Bad S2 (saison 2)
(1, 'Seven Thirty-Seven',                '00:47:00', 'Walt et Jesse font face aux conséquences de leurs actions passées.',  2),
(2, 'Down',                              '00:47:00', 'Jesse touche le fond tandis que Walt double ses activités.',          2),
(3, 'Bit by a Dead Bee',                 '00:47:00', 'Walt simule une amnésie pour couvrir son absence.',                   2),
-- Stranger Things S1 (saison 6)
(1, 'The Vanishing of Will Byers',       '00:49:00', 'Un jeune garçon disparaît mystérieusement à Hawkins, Indiana.',      6),
(2, 'The Weirdo on Maple Street',        '00:55:00', 'Les garçons rencontrent une étrange fillette prénommée Onze.',       6),
(3, 'Holly, Jolly',                      '00:52:00', 'Joyce reçoit des signes de communication de son fils disparu.',      6),
-- Game of Thrones S1 (saison 10)
(1, 'Winter Is Coming',                  '01:02:00', 'Les Stark accueillent le roi Robert à Winterfell.',                 10),
(2, 'The Kingsroad',                     '00:56:00', 'Ned Stark se rend à Port-Réal pour devenir la Main du Roi.',        10),
(3, 'Lord Snow',                         '00:58:00', 'Jon Snow rejoint la Garde de Nuit au Mur.',                         10),
-- La Casa de Papel S1 (saison 14)
(1, 'Le temps presse',                   '01:00:00', 'Le Professeur présente son plan de braquage à son équipe.',         14),
(2, 'Imperfection',                      '00:50:00', 'Les braqueurs prennent le contrôle de la Monnaie Royale.',          14),
(3, 'Le Professeur',                     '00:55:00', 'Le Professeur négocie avec la police depuis l\'extérieur.',         14),
-- Dark S1 (saison 17)
(1, 'Geheimnisse',                       '01:00:00', 'Des enfants disparaissent à Winden et le mystère commence.',        17),
(2, 'Lugen',                             '00:54:00', 'Jonas découvre une grotte qui cache un passage temporel.',          17),
(3, 'Gestern und Heute',                 '01:00:00', 'Le passé et le présent de Winden se révèlent liés.',                17),
-- Squid Game S1 (saison 20)
(1, 'Red Light, Green Light',            '01:01:00', '456 candidats endettés débutent les jeux mortels.',                 20),
(2, 'Hell',                              '00:41:00', 'Les survivants réalisent l\'ampleur du danger qui les guette.',     20),
(3, 'The Man with the Umbrella',         '00:52:00', 'Le jeu de tir à la corde se révèle particulièrement meurtrier.',   20),
-- The Last of Us S1 (saison 22)
(1, 'When You\'re Lost in the Darkness', '01:21:00', 'Joel est chargé de faire passer Ellie hors de la zone de quarantaine.',22),
(2, 'Infected',                          '00:55:00', 'Joel et Ellie traversent une zone infestée de claqueurs.',         22),
(3, 'Long Long Time',                    '01:17:00', 'L\'histoire touchante de Bill et Frank, deux survivants amoureux.', 22),
-- Wednesday S1 (saison 23)
(1, 'Wednesday\'s Child Is Full of Woe','00:50:00', 'Wednesday arrive à la Nevermore Academy et commence son enquête.',  23),
(2, 'Woe Is the Loneliest Number',       '00:47:00', 'Wednesday découvre des indices sur les meurtres du monstre local.', 23),
-- Arcane S1 (saison 25)
(1, 'Welcome to the Playground',         '00:40:00', 'Vi et Jinx grandissent dans les bas-fonds miséreux de Zaun.',      25),
(2, 'Some Mysteries Are Better Left Unsolved','00:41:00','Jayce tente de développer la magie technologique à Piltover.', 25),
-- The Bear S1 (saison 27)
(1, 'System',                            '00:29:00', 'Carmy reprend le restaurant de son frère dans le chaos total.',    27),
(2, 'Hands',                             '00:27:00', 'La brigade tente de trouver un rythme malgré les tensions.',       27),
(3, 'Brigade',                           '00:29:00', 'Carmy instaure une nouvelle organisation en cuisine.',             27),
-- Peaky Blinders S1 (saison 30)
(1, 'Episode 1',                         '01:00:00', 'Tommy Shelby dirige son gang avec une main de fer à Birmingham.',  30),
(2, 'Episode 2',                         '00:58:00', 'Un inspecteur irlandais arrive pour démanteler les Peaky Blinders.',30),
(3, 'Episode 3',                         '00:57:00', 'Tommy tente de récupérer des armes volées à l\'armée britannique.',30),
-- Chernobyl S1 (saison 33)
(1, '1:23:45',                           '01:05:00', 'L\'explosion du réacteur 4 de Tchernobyl se produit le 26 avril.', 33),
(2, 'Please Remain Calm',                '01:04:00', 'Les autorités soviétiques tentent de minimiser la catastrophe.',   33),
(3, 'Open Wide, O Earth',                '01:00:00', 'Les liquidateurs sont envoyés pour nettoyer le site contaminé.',   33),
-- Mindhunter S1 (saison 34)
(1, 'Episode 1',                         '00:59:00', 'Holden Ford commence à interviewer des tueurs en série.',          34),
(2, 'Episode 2',                         '00:54:00', 'Les agents développent leur méthodologie de profilage criminel.',  34),
-- Ozark S1 (saison 36)
(1, 'Sugarwood',                         '01:00:00', 'Marty Byrde déménage sa famille dans les Ozarks pour blanchir.',   36),
(2, 'Blue Cat',                          '00:57:00', 'Marty rachète un bar local pour servir de couverture.',            36),
(3, 'My Dripping Sleep',                 '01:00:00', 'Marty doit faire face aux dettes du précédent propriétaire.',      36),
-- Succession S1 (saison 40)
(1, 'Celebration',                       '01:08:00', 'Logan Roy célèbre son anniversaire et remet en cause sa succession.',40),
(2, 'Shit Show at the Fuck Factory',     '00:57:00', 'La famille Roy gère la crise après la maladie soudaine de Logan.', 40),
(3, 'Lifeboats',                         '00:58:00', 'Kendall et ses frères tentent de prendre le contrôle de Waystar.', 40),
-- The Witcher S1 (saison 44)
(1, 'The End\'s Beginning',              '01:00:00', 'Geralt de Riv arrive à Blaviken et sa réputation le précède.',     44),
(2, 'Four Marks',                        '00:55:00', 'Yennefer commence sa formation de magicienne à Aretuza.',          44),
-- Black Mirror S1 (saison 47)
(1, 'The National Anthem',               '01:00:00', 'Un premier ministre est contraint d\'accomplir l\'impensable.',    47),
(2, '15 Million Merits',                 '01:03:00', 'Dans un futur dystopique, un homme offre sa liberté à une femme.', 47),
-- Better Call Saul S1 (saison 51)
(1, 'Uno',                               '00:58:00', 'Jimmy McGill tente de se faire une place comme avocat.',           51),
(2, 'Mijo',                              '00:49:00', 'Jimmy négocie avec un cartel pour sauver ses clients.',            51),
(3, 'Nacho',                             '00:51:00', 'Jimmy est soupçonné d\'avoir comploté contre un client important.', 51),
-- Narcos S1 (saison 57)
(1, 'Descenso',                          '00:55:00', 'L\'ascension de Pablo Escobar dans le monde de la drogue.',        57),
(2, 'The Sword of Simon Bolivar',        '00:50:00', 'Escobar commence à construire son empire de la cocaïne.',          57),
-- The Mandalorian S1 (saison 59)
(1, 'Chapter 1: The Mandalorian',        '00:39:00', 'Un chasseur de primes reçoit une mystérieuse mission lucrative.',  59),
(2, 'Chapter 2: The Child',              '00:32:00', 'Le Mandalorien récupère l\'enfant mais est traqué par d\'autres.', 59),
(3, 'Chapter 3: The Sin',                '00:38:00', 'Le Mandalorien remet l\'enfant puis prend une décision inattendue.',59),
-- Lupin S1 (saison 62)
(1, 'Chapitre 1',                        '00:52:00', 'Assane Diop s\'infiltre au Louvre déguisé en agent de nettoyage.', 62),
(2, 'Chapitre 2',                        '00:49:00', 'Assane fait chanter un ancien policier corrompu lié à son père.',  62),
(3, 'Chapitre 3',                        '00:47:00', 'La police commence à relier les crimes au personnage de Lupin.',   62),
-- Severance S1 (saison 65)
(1, 'Good News About Hell',              '00:55:00', 'Mark commence son nouveau travail chez Lumon Industries.',         65),
(2, 'Half Loop',                         '00:47:00', 'Une nouvelle collègue arrive et perturbe l\'équilibre du groupe.', 65),
-- House of the Dragon S1 (saison 67)
(1, 'The Heirs of the Dragon',           '01:06:00', 'Le roi Viserys choisit son héritière parmi ses enfants.',          67),
(2, 'The Rogue Prince',                  '00:54:00', 'Le prince Daemon défie son frère en s\'emparant d\'une ville.',    67),
-- Ted Lasso S1 (saison 82)
(1, 'Pilot',                             '00:31:00', 'Ted Lasso arrive en Angleterre avec son enthousiasme débordant.',  82),
(2, 'Biscuits',                          '00:28:00', 'Ted tente de gagner la confiance de la propriétaire du club.',     82),
(3, 'Trent Crimm: The Independent',      '00:29:00', 'Un journaliste suit l\'équipe pour écrire un article dévastateur.',82),
-- The Crown S1 (saison 86)
(1, 'Wolferton Splash',                  '00:58:00', 'Le roi George VI est malade et Élisabeth se prépare à régner.',   86),
(2, 'Hyde Park Corner',                  '00:55:00', 'Élisabeth monte sur le trône après la mort de son père.',         86),
-- Westworld S1 (saison 89)
(1, 'The Original',                      '01:08:00', 'Les visiteurs du parc Westworld interagissent avec les hôtes.',   89),
(2, 'Chestnut',                          '00:56:00', 'Deux visiteurs explorent le parc et découvrent son potentiel.',   89),
-- The Boys S1 (saison 91)
(1, 'The Name of the Game',              '01:07:00', 'Hughie rejoint un groupe pour exposer les super-héros corrompus.', 91),
(2, 'Cherry',                            '01:00:00', 'Les Boys planifient leur première opération contre les supers.',   91),
-- Euphoria S1 (saison 97)
(1, 'Pilot',                             '01:05:00', 'Rue revient de désintoxication et rencontre la nouvelle élève Jules.',97),
(2, 'Stunts',                            '01:00:00', 'Nate tente de contrôler une vidéo compromettante qui circule.',   97),
-- The Penguin S1 (saison 100)
(1, 'After Hours',                       '00:57:00', 'Oz Cobb commence à construire son empire criminel à Gotham.',    100),
(2, 'Cent',                              '00:55:00', 'Oz s\'allie avec Sofia Falcone pour consolider son pouvoir.',     100),
(3, 'Bluebird',                          '00:52:00', 'Oz affronte les rivaux qui menacent son ascension.',              100),
-- Adolescence S1 (saison 70)
(1, 'Episode 1',                         '01:00:00', 'Un adolescent est arrêté pour meurtre, sa famille est sous le choc.',70),
(2, 'Episode 2',                         '01:00:00', 'L\'enquêteur interroge le jeune suspect dans sa cellule.',        70),
(3, 'Episode 3',                         '01:00:00', 'La famille tente de comprendre comment ils ont pu rater les signes.',70),
(4, 'Episode 4',                         '01:00:00', 'Les conséquences du drame se propagent dans tout l\'entourage.',  70),
-- Shogun S1 (saison 69)
(1, 'Crimson Sky',                       '01:00:00', 'Le navire d\'Anjin-san s\'échoue au Japon féodal.',               69),
(2, 'Crimson Sky Part 2',                '00:58:00', 'Anjin-san tente de naviguer les dangereux codes japonais.',       69),
-- Rings of Power S1 (saison 79)
(1, 'A Shadow of the Past',              '01:00:00', 'Les elfes et les hommes font face à une menace grandissante.',    79),
(2, 'Adrift',                            '00:57:00', 'Galadriel poursuit sa quête contre le mal croissant.',           79),
-- Andor S1 (saison 81)
(1, 'Kassa',                             '00:51:00', 'Cassian Andor cherche sa soeur disparue sur une planète hostile.', 81),
(2, 'That Would Be Me',                  '00:46:00', 'Cassian fuit les autorités après un incident violent.',           81),
(3, 'Reckoning',                         '00:50:00', 'Cassian est recruté pour une mission rebelle dangereuse.',        81),
-- Squid Game S2 (saison 21)
(1, 'Bread and Butter',                  '01:00:00', 'Gi-hun retourne dans les jeux pour les arrêter de l\'intérieur.', 21),
(2, 'Halloween Party',                   '00:58:00', 'Les joueurs font face à de nouveaux jeux imprévisibles.',         21),
-- Severance S2 (saison 66)
(1, 'Hello, Ms. Cobel',                  '01:00:00', 'Mark découvre des vérités troublantes sur la société Lumon.',     66),
(2, 'Goodbye, Mrs. Selvig',              '00:55:00', 'Les innies tentent de comprendre leur situation désespérée.',     66),
-- Narcos S2 (saison 58)
(1, 'Free at Last',                      '00:55:00', 'Escobar s\'est échappé de La Catedral et est en fuite.',          58),
(2, 'The Men of Always',                 '00:52:00', 'Le Search Bloc intensifie sa traque d\'Escobar dans Medellin.',   58),
-- Emily in Paris S1 (saison 82)
(1, 'Pilot',                             '00:30:00', 'Emily arrive à Paris et fait une entrée remarquée au bureau.',   92),
(2, 'Masculin Féminin',                  '00:30:00', 'Emily navigue entre les codes culturels français et américains.', 92),
-- Bridgerton S1 (saison 83)
(1, 'Diamond of the First Water',        '01:00:00', 'Daphne Bridgerton fait ses débuts dans la haute société.',        94),
(2, 'Shock and Delight',                 '01:00:00', 'Le duc de Hastings arrive et toutes les débutantes le remarquent.',94);

-- ============================================================
-- 7. Avis (100 lignes) - Id_contenu entre 1 et 100
-- ============================================================
INSERT INTO Avis (note_avis, Commentaire_avis, Id_contenu) VALUES
(5, 'Chef-d\'oeuvre absolu, Christopher Nolan a son sommet.',              1),
(5, 'La serie la plus intense que j\'ai jamais regardee.',                  2),
(4, 'Magnifique voyage spatiotemporel, epoustouflant visuellement.',        3),
(4, 'Nostalgie des annees 80 parfaitement retranscrite.',                   4),
(5, 'Le Joker de Heath Ledger est iconique et totalement inoubliable.',     5),
(3, 'Fantastique mais la derniere saison est vraiment tres decevante.',     6),
(5, 'Un chef-d\'oeuvre du cinema coreen, Palme d\'Or largement meritee.',  7),
(4, 'Braquage haletant, une serie vraiment addictive au possible.',         8),
(5, 'Mon film d\'animation prefere depuis ma plus tendre enfance.',         9),
(5, 'La serie la plus complexe et brillante jamais creee.',                10),
(4, 'Joaquin Phoenix est absolument fascinant dans ce role sombre.',       11),
(5, 'Choquant, addictif et brillamment concu jusqu\'au bout.',             12),
(4, 'Une epopee visuelle spectaculaire et fidele au roman de Herbert.',    13),
(5, 'La meilleure adaptation de jeu video de toute l\'histoire.',          14),
(5, 'Un monument du cinema historique, Cillian Murphy totalement imperial.',15),
(4, 'Jenna Ortega est parfaite dans ce role iconique.',                    16),
(4, 'Drole, intelligent et vraiment subversif sur le patriarcat moderne.', 17),
(5, 'La plus belle serie animee jamais realisee, visuellement parfaite.',  18),
(5, 'Tom Cruise repousse toutes les limites du cinema d\'action physique.',19),
(5, 'Intense, stressant, brillant. Une serie absolument parfaite.',        20),
(5, 'La quintessence du cinema de Tarantino, un classique total.',         21),
(4, 'Cillian Murphy est magnetique et vraiment terrifiant dans ce role.',  22),
(5, 'Le Voyage de Chihiro reste un absolu sommet de l\'animation mondiale.',23),
(5, 'Documentaire dramatique saisissant qui vous donne des frissons.',     24),
(4, 'Un film qui transcende brillamment son propre genre.',                25),
(4, 'Bryan Cranston livre une performance veritablement monumentale.',      2),
(3, 'Quelques longueurs mais globalement excellent.',                       3),
(5, 'La twist finale de la saison 3 est absolument renversante.',          10),
(4, 'Pedro Pascal est tres attachant dans ce role taille sur mesure.',     41),
(5, 'Omar Sy est parfait dans ce role clairement fait pour lui.',          43),
(3, 'Interessant mais parfois trop lent pour vraiment captiver.',          24),
(5, 'Fight Club reste un film culte et totalement indemodable.',           38),
(4, 'Ozark est une alternative sombre et fascinante a Breaking Bad.',      29),
(5, 'Un film qui merite chacun de ses Oscars.',                             7),
(4, 'Arcane prouve que les adaptations de jeux peuvent etre des chefs-d\'oeuvre.',18),
(5, 'Top Gun Maverick est un pur plaisir cinematographique jouissif.',     19),
(3, 'Tres bonne serie mais j\'attendais mieux de la fin.',                  6),
(4, 'Walter White est l\'un des meilleurs personnages de toute l\'histoire de la TV.',2),
(5, 'Dune Part 2 surpasse largement le premier film.',                     48),
(4, 'Shogun est une superbe lecon d\'histoire et de mise en scene.',       49),
(5, 'Adolescence est le coup de coeur absolu de l\'annee 2025.',           50),
(4, 'Everything Everywhere est le film le plus original de la decennie.',  25),
(3, 'Trop confus par moments mais visuellement tres impressionnant.',      32),
(5, 'Severance est un concept brillamment et parfaitement execute.',       45),
(4, 'Succession est probablement la meilleure serie dramatique de la decennie.',31),
(5, 'The Bear est stressant a regarder mais absolument genial.',           20),
(3, 'Black Mirror est tres inegal mais certains episodes sont parfaits.',  35),
(4, 'Peaky Blinders est une vraie claque visuelle et narrative.',          22),
(5, 'Schindler\'s List est une oeuvre cinematographique indispensable.',   36),
(4, 'Better Call Saul est un prequel qui finit par depasser l\'original.', 37),
(5, 'Goodfellas est le meilleur film de gangsters de l\'histoire.',        51),
(4, 'The Office est la meilleure comedie de bureau jamais realisee.',      52),
(5, 'The Silence of the Lambs reste un thriller psychologique parfait.',   53),
(4, 'The Umbrella Academy est une serie de super-heros rafraichissante.',  54),
(5, 'Fleabag est drole, intelligent et profondement touchant.',            55),
(4, 'Whiplash est l\'un des films les plus intenses de la decennie.',      56),
(5, 'Dark Matter est la meilleure serie de SF de 2024.',                   57),
(4, 'The Grand Budapest Hotel est une oeuvre d\'art visuelle et narrative.',58),
(3, 'Rings of Power est ambitieux mais inegal dans son rythme.',           60),
(5, 'Andor est la meilleure oeuvre de l\'univers Star Wars depuis des annees.',62),
(4, 'No Country for Old Men est d\'une tension insoutenable.',             64),
(5, 'Ted Lasso est une serie qui redonne foi en l\'humanite.',             64),
(3, 'Amadeus est beau mais un peu trop long pour maintenir l\'attention.', 66),
(4, 'The Crown est une serie historique d\'une qualite exceptionnelle.',   66),
(5, 'Blade Runner est un chef-d\'oeuvre visionnaire qui a tout invente.',  68),
(4, 'Westworld saison 1 est fascinante et mind-blowing.',                  69),
(5, 'Seven est l\'un des meilleurs films policiers de toute l\'histoire.', 70),
(4, 'The Boys est une satire acerbe et jubilatoire du genre super-heros.',  71),
(3, 'Oldboy est puissant mais l\'histoire principale est vraiment eprouvante.',72),
(4, 'Emily in Paris est leger mais vraiment tres divertissant.',           73),
(5, 'The Prestige est un tour de magie cinematographique parfait.',        74),
(4, 'Bridgerton est une serie romantique addictive et bien produite.',     75),
(5, 'A Beautiful Mind est un film emouvant et profondement inspirant.',    76),
(4, 'The Shining est le film d\'horreur le plus atmospherique jamais realise.',77),
(5, 'Euphoria capture l\'adolescence avec une cruaute lumineuse.',         78),
(3, 'Memento est brillant mais necessite plusieurs visionnages.',           79),
(5, 'The Departed est un chef-d\'oeuvre absolu du film policier.',         80),
(4, 'Gravity est une experience visuelle et emotionnelle immersive.',      81),
(5, 'Her est le film d\'amour le plus intelligent de ces 20 ans.',         82),
(5, 'The Penguin est l\'une des meilleures series de super-heros recentes.',83),
(4, 'Daredevil: Born Again renoue avec la qualite de la saison 1.',        84),
(3, 'Klaus est un beau film de Noel mais reste un peu trop simple.',       85),
(5, 'Mad Max Fury Road est le film d\'action le plus inventif de la decennie.',86),
(4, 'Braveheart reste un film epique et emouvant malgre ses longueurs.',   87),
(5, 'The Pianist est d\'une beaute dechirante et d\'une puissance rare.',  88),
(4, 'Whiplash merite vraiment tous ses Oscars.',                           56),
(3, 'Squid Game S2 est inferieur a la saison 1 mais reste divertissant.',  89),
(5, 'The Bear S2 est encore meilleur que la premiere saison.',             90),
(4, 'Shogun est une des meilleures series sorties depuis des annees.',     49),
(5, 'Arcane S2 confirme le statut de sommet de l\'animation.',             18),
(4, 'The Witcher S3 est une belle conclusion a l\'arc narratif principal.', 33),
(5, 'Succession S4 est une conclusion brillante.',                         31),
(4, 'House of the Dragon est bien mais ne depasse pas Game of Thrones.',   47),
(5, 'Adolescence est bouleversant et absolument indispensable.',           50),
(4, 'Severance S2 est encore meilleur que la saison 1.',                   96),
(5, 'Killers of the Flower Moon est un chef-d\'oeuvre de Scorsese.',       91),
(4, 'Past Lives est un film d\'une delicatesse et d\'une beaute rares.',   92),
(5, 'Conclave est un thriller captivant et parfaitement ecrit.',           93),
(3, 'The Last of Us S2 demarre fort mais quelques episodes decoivent.',    94),
(5, 'The Pitt est la surprise medicale de l\'annee 2025.',                 85);

-- ============================================================
-- 8. regarder (100 lignes) - Id_Profil 1-100, Id_contenu 1-100
-- ============================================================
INSERT INTO regarder (Id_Profil, Id_contenu, Progression, Statut, Date_dernier_vue) VALUES
( 1,  1, 100, 'Terminé',  '2024-01-10 20:30:00'),
( 1,  3,  75, 'En cours', '2024-02-15 22:00:00'),
( 2,  2, 100, 'Terminé',  '2024-01-20 19:00:00'),
( 2,  7,  50, 'En cours', '2024-02-10 20:00:00'),
( 3,  4, 100, 'Terminé',  '2024-01-15 21:30:00'),
( 3,  6,  30, 'En cours', '2024-03-05 20:00:00'),
( 4, 11, 100, 'Terminé',  '2024-02-01 22:30:00'),
( 4, 13,  60, 'En cours', '2024-03-10 21:00:00'),
( 5,  9, 100, 'Terminé',  '2024-01-25 18:00:00'),
( 5, 23, 100, 'Terminé',  '2024-02-20 20:00:00'),
( 6,  9, 100, 'Terminé',  '2024-01-30 17:00:00'),
( 7,  2,  80, 'En cours', '2024-03-15 20:00:00'),
( 7, 15, 100, 'Terminé',  '2024-02-28 21:00:00'),
( 8,  5, 100, 'Terminé',  '2024-01-05 22:00:00'),
( 8, 19, 100, 'Terminé',  '2024-02-14 20:30:00'),
( 9, 12, 100, 'Terminé',  '2024-01-18 21:30:00'),
( 9, 17,  45, 'En cours', '2024-03-08 20:00:00'),
(10, 21, 100, 'Terminé',  '2024-02-05 22:00:00'),
(10,  1,  90, 'En cours', '2024-03-12 21:00:00'),
(11,  3, 100, 'Terminé',  '2024-01-22 20:00:00'),
(11, 14,  70, 'En cours', '2024-03-18 21:30:00'),
(12,  2, 100, 'Terminé',  '2024-02-08 19:30:00'),
(12,  6,  20, 'En cours', '2024-03-20 20:00:00'),
(13,  4, 100, 'Terminé',  '2024-01-28 21:00:00'),
(14,  5, 100, 'Terminé',  '2024-02-18 22:00:00'),
(14, 11,  55, 'En cours', '2024-03-22 21:00:00'),
(15,  9, 100, 'Terminé',  '2024-01-12 18:30:00'),
(15, 23, 100, 'Terminé',  '2024-02-22 19:00:00'),
(16, 15, 100, 'Terminé',  '2024-02-02 21:30:00'),
(16, 25, 100, 'Terminé',  '2024-03-05 20:00:00'),
(17,  1, 100, 'Terminé',  '2024-01-08 22:00:00'),
(17,  7,  85, 'En cours', '2024-03-25 21:00:00'),
(18,  3, 100, 'Terminé',  '2024-02-12 20:30:00'),
(18, 13, 100, 'Terminé',  '2024-03-15 22:00:00'),
(19, 12, 100, 'Terminé',  '2024-01-16 21:00:00'),
(19, 18,  40, 'En cours', '2024-03-28 20:00:00'),
(20, 21, 100, 'Terminé',  '2024-02-06 22:30:00'),
(20,  5,  65, 'En cours', '2024-03-30 21:00:00'),
(21,  2, 100, 'Terminé',  '2024-01-24 20:00:00'),
(21, 17, 100, 'Terminé',  '2024-02-24 21:30:00'),
(22,  6,  35, 'En cours', '2024-03-02 20:00:00'),
(22, 15, 100, 'Terminé',  '2024-02-16 22:00:00'),
(23,  4, 100, 'Terminé',  '2024-01-14 21:00:00'),
(23,  9, 100, 'Terminé',  '2024-02-26 18:00:00'),
(24,  1,  95, 'En cours', '2024-03-08 21:30:00'),
(24,  3, 100, 'Terminé',  '2024-02-04 20:00:00'),
(25, 13, 100, 'Terminé',  '2024-01-20 22:00:00'),
(25, 25,  80, 'En cours', '2024-03-18 21:00:00'),
(26,  7, 100, 'Terminé',  '2024-02-10 19:00:00'),
(26, 19, 100, 'Terminé',  '2024-03-22 20:30:00'),
(27,  2,  60, 'En cours', '2024-03-01 21:00:00'),
(27, 11, 100, 'Terminé',  '2024-02-15 20:00:00'),
(28,  5, 100, 'Terminé',  '2024-01-30 22:00:00'),
(28, 30, 100, 'Terminé',  '2024-03-10 21:00:00'),
(29,  1, 100, 'Terminé',  '2024-02-20 20:30:00'),
(29, 13,  50, 'En cours', '2024-03-25 21:30:00'),
(30,  7, 100, 'Terminé',  '2024-01-05 19:00:00'),
(30, 21, 100, 'Terminé',  '2024-03-08 20:00:00'),
(31,  3, 100, 'Terminé',  '2024-02-25 21:00:00'),
(31,  5,  70, 'En cours', '2024-03-28 22:00:00'),
(32,  2, 100, 'Terminé',  '2024-01-18 20:00:00'),
(32,  6,  45, 'En cours', '2024-03-12 21:00:00'),
(33, 19, 100, 'Terminé',  '2024-02-08 21:30:00'),
(33, 25, 100, 'Terminé',  '2024-03-15 20:00:00'),
(34,  1, 100, 'Terminé',  '2024-01-28 22:00:00'),
(34, 11,  30, 'En cours', '2024-03-20 21:00:00'),
(35,  7, 100, 'Terminé',  '2024-02-14 19:30:00'),
(35, 15, 100, 'Terminé',  '2024-03-05 21:00:00'),
(36, 23, 100, 'Terminé',  '2024-01-10 18:00:00'),
(36,  9, 100, 'Terminé',  '2024-02-28 17:30:00'),
(37,  5, 100, 'Terminé',  '2024-03-01 22:00:00'),
(37, 13,  85, 'En cours', '2024-03-30 21:30:00'),
(38,  2, 100, 'Terminé',  '2024-01-22 20:00:00'),
(38, 21, 100, 'Terminé',  '2024-02-20 22:00:00'),
(39,  1,  40, 'En cours', '2024-03-18 21:00:00'),
(39,  3, 100, 'Terminé',  '2024-02-05 20:30:00'),
(40,  7, 100, 'Terminé',  '2024-01-15 19:00:00'),
(40, 19, 100, 'Terminé',  '2024-03-10 20:00:00'),
(41, 12, 100, 'Terminé',  '2024-02-18 21:30:00'),
(41, 17,  55, 'En cours', '2024-03-22 20:00:00'),
(42, 25, 100, 'Terminé',  '2024-01-25 22:00:00'),
(42,  5, 100, 'Terminé',  '2024-03-05 21:00:00'),
(43,  2, 100, 'Terminé',  '2024-02-12 20:00:00'),
(43, 15,  75, 'En cours', '2024-03-28 21:30:00'),
(44,  3, 100, 'Terminé',  '2024-01-08 21:00:00'),
(44, 11, 100, 'Terminé',  '2024-02-22 22:00:00'),
(45,  7, 100, 'Terminé',  '2024-03-02 20:30:00'),
(45, 23, 100, 'Terminé',  '2024-03-15 19:00:00'),
(46,  1, 100, 'Terminé',  '2024-01-20 22:00:00'),
(46, 13,  90, 'En cours', '2024-03-25 21:00:00'),
(47,  9, 100, 'Terminé',  '2024-02-05 18:30:00'),
(47, 21, 100, 'Terminé',  '2024-03-18 20:00:00'),
(48,  5, 100, 'Terminé',  '2024-01-28 21:30:00'),
(48,  7,  65, 'En cours', '2024-03-30 22:00:00'),
(49,  3, 100, 'Terminé',  '2024-02-15 20:00:00'),
(49, 19, 100, 'Terminé',  '2024-03-08 21:00:00'),
(50,  2, 100, 'Terminé',  '2024-01-12 20:30:00'),
(50, 25,  50, 'En cours', '2024-03-20 21:30:00'),
( 1, 48, 100, 'Terminé',  '2024-04-01 20:00:00'),
( 2, 50,  35, 'En cours', '2024-04-05 21:00:00');

-- ============================================================
-- 9. ajouter (100 lignes)
-- ============================================================
INSERT INTO ajouter (Id_Profil, Id_contenu, Date_ajout) VALUES
( 1,  2, '2024-01-05 10:00:00'),
( 1,  4, '2024-01-10 11:00:00'),
( 2,  1, '2024-01-08 09:00:00'),
( 2, 13, '2024-01-20 14:00:00'),
( 3,  3, '2024-02-01 10:30:00'),
( 3, 12, '2024-02-05 11:30:00'),
( 4,  5, '2024-02-10 09:30:00'),
( 4,  7, '2024-02-15 13:00:00'),
( 5,  2, '2024-01-28 10:00:00'),
( 5, 14, '2024-02-20 11:00:00'),
( 6,  9, '2024-01-05 15:00:00'),
( 6, 17, '2024-02-10 16:00:00'),
( 7,  1, '2024-02-25 10:00:00'),
( 7,  5, '2024-03-01 11:00:00'),
( 8,  2, '2024-01-10 09:00:00'),
( 8,  4, '2024-01-20 10:30:00'),
( 9,  6, '2024-02-05 14:00:00'),
( 9, 11, '2024-02-15 15:00:00'),
(10,  3, '2024-01-12 10:00:00'),
(10, 13, '2024-02-08 11:30:00'),
(11,  7, '2024-03-01 09:00:00'),
(11, 15, '2024-03-05 10:00:00'),
(12,  1, '2024-01-18 12:00:00'),
(12,  4, '2024-02-10 13:00:00'),
(13,  6, '2024-02-20 10:00:00'),
(13, 12, '2024-03-08 11:00:00'),
(14,  3, '2024-01-22 09:30:00'),
(14,  9, '2024-02-12 10:30:00'),
(15,  2, '2024-01-30 14:00:00'),
(15,  5, '2024-02-28 15:00:00'),
(16, 13, '2024-03-10 10:00:00'),
(16, 17, '2024-03-15 11:00:00'),
(17,  4, '2024-01-08 09:00:00'),
(17,  6, '2024-02-02 10:00:00'),
(18,  1, '2024-02-16 11:30:00'),
(18,  3, '2024-03-05 12:00:00'),
(19,  5, '2024-01-14 09:00:00'),
(19,  7, '2024-02-22 10:00:00'),
(20,  2, '2024-01-26 11:00:00'),
(20, 13, '2024-03-12 09:30:00'),
(21,  9, '2024-02-06 14:30:00'),
(21, 23, '2024-03-18 15:00:00'),
(22,  4, '2024-01-16 10:00:00'),
(22,  6, '2024-02-26 11:00:00'),
(23,  1, '2024-03-02 09:00:00'),
(23,  3, '2024-03-20 10:30:00'),
(24,  5, '2024-01-10 12:00:00'),
(24,  7, '2024-02-14 13:00:00'),
(25,  2, '2024-01-28 09:00:00'),
(25,  6, '2024-03-22 10:00:00'),
(26,  1, '2024-01-05 11:00:00'),
(26,  4, '2024-02-10 09:30:00'),
(27,  5, '2024-01-15 10:00:00'),
(27,  7, '2024-03-01 11:30:00'),
(28,  2, '2024-02-20 09:00:00'),
(28, 13, '2024-03-18 10:00:00'),
(29,  3, '2024-01-25 12:00:00'),
(29,  6, '2024-02-28 11:00:00'),
(30,  1, '2024-03-05 09:30:00'),
(30, 11, '2024-03-20 10:00:00'),
(31,  7, '2024-01-08 11:00:00'),
(31, 15, '2024-02-15 12:00:00'),
(32,  3, '2024-01-22 09:00:00'),
(32,  9, '2024-03-10 10:30:00'),
(33,  2, '2024-02-05 11:00:00'),
(33, 13, '2024-03-25 09:00:00'),
(34,  5, '2024-01-12 12:30:00'),
(34,  7, '2024-02-25 11:00:00'),
(35,  1, '2024-03-08 10:00:00'),
(35,  4, '2024-03-22 11:30:00'),
(36,  6, '2024-01-18 09:00:00'),
(36, 12, '2024-02-12 10:00:00'),
(37,  3, '2024-03-01 11:00:00'),
(37, 11, '2024-03-15 12:00:00'),
(38,  5, '2024-01-28 09:30:00'),
(38, 13, '2024-02-20 10:30:00'),
(39,  7, '2024-03-10 11:00:00'),
(39, 15, '2024-03-28 09:00:00'),
(40,  2, '2024-01-15 12:00:00'),
(40,  9, '2024-02-28 11:30:00'),
(41,  1, '2024-03-05 10:00:00'),
(41,  3, '2024-03-20 09:30:00'),
(42,  7, '2024-01-20 11:00:00'),
(42, 13, '2024-02-10 12:00:00'),
(43,  5, '2024-03-12 10:30:00'),
(43, 11, '2024-03-25 11:00:00'),
(44,  2, '2024-01-25 09:00:00'),
(44,  6, '2024-02-22 10:00:00'),
(45,  1, '2024-03-08 11:30:00'),
(45,  4, '2024-03-28 10:00:00'),
(46,  3, '2024-01-10 12:00:00'),
(46,  7, '2024-02-05 11:00:00'),
(47,  5, '2024-03-15 09:30:00'),
(47, 13, '2024-03-30 10:30:00'),
(48,  2, '2024-01-28 11:00:00'),
(48, 11, '2024-02-18 12:00:00'),
(49,  1, '2024-03-05 09:00:00'),
(49,  6, '2024-03-22 10:00:00'),
(50,  3, '2024-01-15 11:30:00'),
(50,  7, '2024-02-12 10:00:00');

-- ============================================================
-- 10. emetre (100 lignes) - Id_Profil 1-50, Id_avis 1-100
-- ============================================================
INSERT INTO emetre (Id_Profil, Id_avis) VALUES
( 1,   1),
( 1,   2),
( 2,   3),
( 2,   4),
( 3,   5),
( 3,   6),
( 4,   7),
( 4,   8),
( 5,   9),
( 5,  10),
( 6,  11),
( 6,  12),
( 7,  13),
( 7,  14),
( 8,  15),
( 8,  16),
( 9,  17),
( 9,  18),
(10,  19),
(10,  20),
(11,  21),
(11,  22),
(12,  23),
(12,  24),
(13,  25),
(13,  26),
(14,  27),
(14,  28),
(15,  29),
(15,  30),
(16,  31),
(16,  32),
(17,  33),
(17,  34),
(18,  35),
(18,  36),
(19,  37),
(19,  38),
(20,  39),
(20,  40),
(21,  41),
(21,  42),
(22,  43),
(22,  44),
(23,  45),
(23,  46),
(24,  47),
(24,  48),
(25,  49),
(25,  50),
(26,  51),
(26,  52),
(27,  53),
(27,  54),
(28,  55),
(28,  56),
(29,  57),
(29,  58),
(30,  59),
(30,  60),
(31,  61),
(31,  62),
(32,  63),
(32,  64),
(33,  65),
(33,  66),
(34,  67),
(34,  68),
(35,  69),
(35,  70),
(36,  71),
(36,  72),
(37,  73),
(37,  74),
(38,  75),
(38,  76),
(39,  77),
(39,  78),
(40,  79),
(40,  80),
(41,  81),
(41,  82),
(42,  83),
(42,  84),
(43,  85),
(43,  86),
(44,  87),
(44,  88),
(45,  89),
(45,  90),
(46,  91),
(46,  92),
(47,  93),
(47,  94),
(48,  95),
(48,  96),
(49,  97),
(49,  98),
(50,  99),
(50, 100);

SET FOREIGN_KEY_CHECKS = 1;